ERROR - 2026-06-17 07:20:03 --> Unable to prepare statement: no such table: achats
in SYSTEMPATH/Database/SQLite3/Connection.php on line 164.
 1 SYSTEMPATH/Database/SQLite3/Connection.php(164): SQLite3->query()
 2 SYSTEMPATH/Database/BaseConnection.php(908): CodeIgniter\Database\SQLite3\Connection->execute()
 3 SYSTEMPATH/Database/BaseConnection.php(825): CodeIgniter\Database\BaseConnection->simpleQuery()
 4 SYSTEMPATH/Database/BaseBuilder.php(1647): CodeIgniter\Database\BaseConnection->query()
 5 SYSTEMPATH/Model.php(255): CodeIgniter\Database\BaseBuilder->get()
 6 SYSTEMPATH/BaseModel.php(676): CodeIgniter\Model->doFindAll()
 7 APPPATH/Controllers/AchatController.php(13): CodeIgniter\BaseModel->findAll()
 8 SYSTEMPATH/CodeIgniter.php(974): App\Controllers\AchatController->index()
 9 SYSTEMPATH/CodeIgniter.php(520): CodeIgniter\CodeIgniter->runController()
10 SYSTEMPATH/CodeIgniter.php(363): CodeIgniter\CodeIgniter->handleRequest()
11 SYSTEMPATH/Boot.php(417): CodeIgniter\CodeIgniter->run()
12 SYSTEMPATH/Boot.php(68): CodeIgniter\Boot::runCodeIgniter()
13 FCPATH/index.php(59): CodeIgniter\Boot::bootWeb()
14 SYSTEMPATH/rewrite.php(44): require_once('/home/miaro/Documents/S4/Systeme d\'information/Caisse/public/index.php')
CRITICAL - 2026-06-17 07:20:03 --> CodeIgniter\Database\Exceptions\DatabaseException: Unable to prepare statement: no such table: achats
[Method: GET, Route: Achat]
in SYSTEMPATH/Database/BaseConnection.php on line 863.
 1 SYSTEMPATH/Database/BaseBuilder.php(1647): CodeIgniter\Database\BaseConnection->query()
 2 SYSTEMPATH/Model.php(255): CodeIgniter\Database\BaseBuilder->get()
 3 SYSTEMPATH/BaseModel.php(676): CodeIgniter\Model->doFindAll()
 4 APPPATH/Controllers/AchatController.php(13): CodeIgniter\BaseModel->findAll()
 5 SYSTEMPATH/CodeIgniter.php(974): App\Controllers\AchatController->index()
 6 SYSTEMPATH/CodeIgniter.php(520): CodeIgniter\CodeIgniter->runController()
 7 SYSTEMPATH/CodeIgniter.php(363): CodeIgniter\CodeIgniter->handleRequest()
 8 SYSTEMPATH/Boot.php(417): CodeIgniter\CodeIgniter->run()
 9 SYSTEMPATH/Boot.php(68): CodeIgniter\Boot::runCodeIgniter()
10 FCPATH/index.php(59): CodeIgniter\Boot::bootWeb()
11 SYSTEMPATH/rewrite.php(44): require_once('/home/miaro/Documents/S4/Systeme d\'information/Caisse/public/index.php')
CRITICAL - 2026-06-17 07:20:03 --> [Caused by] CodeIgniter\Database\Exceptions\DatabaseException: Unable to prepare statement: no such table: achats
in SYSTEMPATH/Database/SQLite3/Connection.php on line 174.
 1 SYSTEMPATH/Database/BaseConnection.php(908): CodeIgniter\Database\SQLite3\Connection->execute()
 2 SYSTEMPATH/Database/BaseConnection.php(825): CodeIgniter\Database\BaseConnection->simpleQuery()
 3 SYSTEMPATH/Database/BaseBuilder.php(1647): CodeIgniter\Database\BaseConnection->query()
 4 SYSTEMPATH/Model.php(255): CodeIgniter\Database\BaseBuilder->get()
 5 SYSTEMPATH/BaseModel.php(676): CodeIgniter\Model->doFindAll()
 6 APPPATH/Models/CaisseModel.php(15): CodeIgniter\BaseModel->findAll()
 7 APPPATH/Controllers/CaisseController.php(12): App\Models\CaisseModel->getAll()
 8 SYSTEMPATH/CodeIgniter.php(974): App\Controllers\CaisseController->index()
 9 SYSTEMPATH/CodeIgniter.php(520): CodeIgniter\CodeIgniter->runController()
10 SYSTEMPATH/CodeIgniter.php(363): CodeIgniter\CodeIgniter->handleRequest()
11 SYSTEMPATH/Boot.php(417): CodeIgniter\CodeIgniter->run()
12 SYSTEMPATH/Boot.php(68): CodeIgniter\Boot::runCodeIgniter()
13 FCPATH/index.php(59): CodeIgniter\Boot::bootWeb()
14 SYSTEMPATH/rewrite.php(44): require_once('/home/ranto/S4/Mr Rojo/Caisse/public/index.php')
CRITICAL - 2026-06-17 07:12:09 --> [Caused by] SQLite3Exception: Unable to prepare statement: no such table: caisses
in SYSTEMPATH/Database/SQLite3/Connection.php on line 164.
 1 SYSTEMPATH/Database/SQLite3/Connection.php(164): SQLite3->query()
 2 SYSTEMPATH/Database/BaseConnection.php(908): CodeIgniter\Database\SQLite3\Connection->execute()
 3 SYSTEMPATH/Database/BaseConnection.php(825): CodeIgniter\Database\BaseConnection->simpleQuery()
 4 SYSTEMPATH/Database/BaseBuilder.php(1647): CodeIgniter\Database\BaseConnection->query()
 5 SYSTEMPATH/Model.php(255): CodeIgniter\Database\BaseBuilder->get()
 6 SYSTEMPATH/BaseModel.php(676): CodeIgniter\Model->doFindAll()
 7 APPPATH/Controllers/AchatController.php(13): CodeIgniter\BaseModel->findAll()
 8 SYSTEMPATH/CodeIgniter.php(974): App\Controllers\AchatController->index()
 9 SYSTEMPATH/CodeIgniter.php(520): CodeIgniter\CodeIgniter->runController()
10 SYSTEMPATH/CodeIgniter.php(363): CodeIgniter\CodeIgniter->handleRequest()
11 SYSTEMPATH/Boot.php(417): CodeIgniter\CodeIgniter->run()
12 SYSTEMPATH/Boot.php(68): CodeIgniter\Boot::runCodeIgniter()
13 FCPATH/index.php(59): CodeIgniter\Boot::bootWeb()
14 SYSTEMPATH/rewrite.php(44): require_once('/home/miaro/Documents/S4/Systeme d\'information/Caisse/public/index.php')
ERROR - 2026-06-17 07:20:09 --> Unable to prepare statement: no such table: achats
 7 APPPATH/Models/CaisseModel.php(15): CodeIgniter\BaseModel->findAll()
 8 APPPATH/Controllers/CaisseController.php(12): App\Models\CaisseModel->getAll()
 9 SYSTEMPATH/CodeIgniter.php(974): App\Controllers\CaisseController->index()
10 SYSTEMPATH/CodeIgniter.php(520): CodeIgniter\CodeIgniter->runController()
11 SYSTEMPATH/CodeIgniter.php(363): CodeIgniter\CodeIgniter->handleRequest()
12 SYSTEMPATH/Boot.php(417): CodeIgniter\CodeIgniter->run()
13 SYSTEMPATH/Boot.php(68): CodeIgniter\Boot::runCodeIgniter()
14 FCPATH/index.php(59): CodeIgniter\Boot::bootWeb()
15 SYSTEMPATH/rewrite.php(44): require_once('/home/ranto/S4/Mr Rojo/Caisse/public/index.php')
ERROR - 2026-06-17 07:12:10 --> Unable to prepare statement: no such table: caisses
in SYSTEMPATH/Database/SQLite3/Connection.php on line 164.
 1 SYSTEMPATH/Database/SQLite3/Connection.php(164): SQLite3->query()
 2 SYSTEMPATH/Database/BaseConnection.php(908): CodeIgniter\Database\SQLite3\Connection->execute()
 3 SYSTEMPATH/Database/BaseConnection.php(825): CodeIgniter\Database\BaseConnection->simpleQuery()
 4 SYSTEMPATH/Database/BaseBuilder.php(1647): CodeIgniter\Database\BaseConnection->query()
 5 SYSTEMPATH/Model.php(255): CodeIgniter\Database\BaseBuilder->get()
 6 SYSTEMPATH/BaseModel.php(676): CodeIgniter\Model->doFindAll()
 7 APPPATH/Controllers/AchatController.php(13): CodeIgniter\BaseModel->findAll()
 8 SYSTEMPATH/CodeIgniter.php(974): App\Controllers\AchatController->index()
 9 SYSTEMPATH/CodeIgniter.php(520): CodeIgniter\CodeIgniter->runController()
10 SYSTEMPATH/CodeIgniter.php(363): CodeIgniter\CodeIgniter->handleRequest()
11 SYSTEMPATH/Boot.php(417): CodeIgniter\CodeIgniter->run()
12 SYSTEMPATH/Boot.php(68): CodeIgniter\Boot::runCodeIgniter()
13 FCPATH/index.php(59): CodeIgniter\Boot::bootWeb()
14 SYSTEMPATH/rewrite.php(44): require_once('/home/miaro/Documents/S4/Systeme d\'information/Caisse/public/index.php')
CRITICAL - 2026-06-17 07:20:09 --> CodeIgniter\Database\Exceptions\DatabaseException: Unable to prepare statement: no such table: achats
[Method: GET, Route: Achat/]
in SYSTEMPATH/Database/BaseConnection.php on line 863.
 1 SYSTEMPATH/Database/BaseBuilder.php(1647): CodeIgniter\Database\BaseConnection->query()
 2 SYSTEMPATH/Model.php(255): CodeIgniter\Database\BaseBuilder->get()
 3 SYSTEMPATH/BaseModel.php(676): CodeIgniter\Model->doFindAll()
 4 APPPATH/Controllers/AchatController.php(13): CodeIgniter\BaseModel->findAll()
 5 SYSTEMPATH/CodeIgniter.php(974): App\Controllers\AchatController->index()
 6 SYSTEMPATH/CodeIgniter.php(520): CodeIgniter\CodeIgniter->runController()
 7 SYSTEMPATH/CodeIgniter.php(363): CodeIgniter\CodeIgniter->handleRequest()
 8 SYSTEMPATH/Boot.php(417): CodeIgniter\CodeIgniter->run()
 9 SYSTEMPATH/Boot.php(68): CodeIgniter\Boot::runCodeIgniter()
10 FCPATH/index.php(59): CodeIgniter\Boot::bootWeb()
11 SYSTEMPATH/rewrite.php(44): require_once('/home/miaro/Documents/S4/Systeme d\'information/Caisse/public/index.php')
CRITICAL - 2026-06-17 07:20:09 --> [Caused by] CodeIgniter\Database\Exceptions\DatabaseException: Unable to prepare statement: no such table: achats
in SYSTEMPATH/Database/SQLite3/Connection.php on line 174.
 1 SYSTEMPATH/Database/BaseConnection.php(908): CodeIgniter\Database\SQLite3\Connection->execute()
 2 SYSTEMPATH/Database/BaseConnection.php(825): CodeIgniter\Database\BaseConnection->simpleQuery()
 3 SYSTEMPATH/Database/BaseBuilder.php(1647): CodeIgniter\Database\BaseConnection->query()
 4 SYSTEMPATH/Model.php(255): CodeIgniter\Database\BaseBuilder->get()
 5 SYSTEMPATH/BaseModel.php(676): CodeIgniter\Model->doFindAll()
 6 APPPATH/Controllers/AchatController.php(13): CodeIgniter\BaseModel->findAll()
 7 SYSTEMPATH/CodeIgniter.php(974): App\Controllers\AchatController->index()
 8 SYSTEMPATH/CodeIgniter.php(520): CodeIgniter\CodeIgniter->runController()
 9 SYSTEMPATH/CodeIgniter.php(363): CodeIgniter\CodeIgniter->handleRequest()
10 SYSTEMPATH/Boot.php(417): CodeIgniter\CodeIgniter->run()
11 SYSTEMPATH/Boot.php(68): CodeIgniter\Boot::runCodeIgniter()
12 FCPATH/index.php(59): CodeIgniter\Boot::bootWeb()
13 SYSTEMPATH/rewrite.php(44): require_once('/home/miaro/Documents/S4/Systeme d\'information/Caisse/public/index.php')
CRITICAL - 2026-06-17 07:20:09 --> [Caused by] SQLite3Exception: Unable to prepare statement: no such table: achats
in SYSTEMPATH/Database/SQLite3/Connection.php on line 164.
 1 SYSTEMPATH/Database/SQLite3/Connection.php(164): SQLite3->query()
 2 SYSTEMPATH/Database/BaseConnection.php(908): CodeIgniter\Database\SQLite3\Connection->execute()
 3 SYSTEMPATH/Database/BaseConnection.php(825): CodeIgniter\Database\BaseConnection->simpleQuery()
 4 SYSTEMPATH/Database/BaseBuilder.php(1647): CodeIgniter\Database\BaseConnection->query()
 5 SYSTEMPATH/Model.php(255): CodeIgniter\Database\BaseBuilder->get()
 6 SYSTEMPATH/BaseModel.php(676): CodeIgniter\Model->doFindAll()
 7 APPPATH/Controllers/AchatController.php(13): CodeIgniter\BaseModel->findAll()
 8 SYSTEMPATH/CodeIgniter.php(974): App\Controllers\AchatController->index()
 9 SYSTEMPATH/CodeIgniter.php(520): CodeIgniter\CodeIgniter->runController()
10 SYSTEMPATH/CodeIgniter.php(363): CodeIgniter\CodeIgniter->handleRequest()
11 SYSTEMPATH/Boot.php(417): CodeIgniter\CodeIgniter->run()
12 SYSTEMPATH/Boot.php(68): CodeIgniter\Boot::runCodeIgniter()
13 FCPATH/index.php(59): CodeIgniter\Boot::bootWeb()
14 SYSTEMPATH/rewrite.php(44): require_once('/home/miaro/Documents/S4/Systeme d\'information/Caisse/public/index.php')
ERROR - 2026-06-17 07:20:41 --> Unable to prepare statement: no such table: achat
in SYSTEMPATH/Database/SQLite3/Connection.php on line 164.
 1 SYSTEMPATH/Database/SQLite3/Connection.php(164): SQLite3->query()
 2 SYSTEMPATH/Database/BaseConnection.php(908): CodeIgniter\Database\SQLite3\Connection->execute()
 3 SYSTEMPATH/Database/BaseConnection.php(825): CodeIgniter\Database\BaseConnection->simpleQuery()
 4 SYSTEMPATH/Database/BaseBuilder.php(1647): CodeIgniter\Database\BaseConnection->query()
 5 SYSTEMPATH/Model.php(255): CodeIgniter\Database\BaseBuilder->get()
 6 SYSTEMPATH/BaseModel.php(676): CodeIgniter\Model->doFindAll()
 7 APPPATH/Controllers/AchatController.php(13): CodeIgniter\BaseModel->findAll()
 8 SYSTEMPATH/CodeIgniter.php(974): App\Controllers\AchatController->index()
 9 SYSTEMPATH/CodeIgniter.php(520): CodeIgniter\CodeIgniter->runController()
10 SYSTEMPATH/CodeIgniter.php(363): CodeIgniter\CodeIgniter->handleRequest()
11 SYSTEMPATH/Boot.php(417): CodeIgniter\CodeIgniter->run()
12 SYSTEMPATH/Boot.php(68): CodeIgniter\Boot::runCodeIgniter()
13 FCPATH/index.php(59): CodeIgniter\Boot::bootWeb()
14 SYSTEMPATH/rewrite.php(44): require_once('/home/miaro/Documents/S4/Systeme d\'information/Caisse/public/index.php')
CRITICAL - 2026-06-17 07:20:41 --> CodeIgniter\Database\Exceptions\DatabaseException: Unable to prepare statement: no such table: achat
[Method: GET, Route: Achat/]
in SYSTEMPATH/Database/BaseConnection.php on line 863.
 1 SYSTEMPATH/Database/BaseBuilder.php(1647): CodeIgniter\Database\BaseConnection->query()
 2 SYSTEMPATH/Model.php(255): CodeIgniter\Database\BaseBuilder->get()
 3 SYSTEMPATH/BaseModel.php(676): CodeIgniter\Model->doFindAll()
 4 APPPATH/Controllers/AchatController.php(13): CodeIgniter\BaseModel->findAll()
 5 SYSTEMPATH/CodeIgniter.php(974): App\Controllers\AchatController->index()
 6 SYSTEMPATH/CodeIgniter.php(520): CodeIgniter\CodeIgniter->runController()
 7 SYSTEMPATH/CodeIgniter.php(363): CodeIgniter\CodeIgniter->handleRequest()
 8 SYSTEMPATH/Boot.php(417): CodeIgniter\CodeIgniter->run()
 9 SYSTEMPATH/Boot.php(68): CodeIgniter\Boot::runCodeIgniter()
10 FCPATH/index.php(59): CodeIgniter\Boot::bootWeb()
11 SYSTEMPATH/rewrite.php(44): require_once('/home/miaro/Documents/S4/Systeme d\'information/Caisse/public/index.php')
CRITICAL - 2026-06-17 07:20:41 --> [Caused by] CodeIgniter\Database\Exceptions\DatabaseException: Unable to prepare statement: no such table: achat
in SYSTEMPATH/Database/SQLite3/Connection.php on line 174.
 1 SYSTEMPATH/Database/BaseConnection.php(908): CodeIgniter\Database\SQLite3\Connection->execute()
 2 SYSTEMPATH/Database/BaseConnection.php(825): CodeIgniter\Database\BaseConnection->simpleQuery()
 3 SYSTEMPATH/Database/BaseBuilder.php(1647): CodeIgniter\Database\BaseConnection->query()
 4 SYSTEMPATH/Model.php(255): CodeIgniter\Database\BaseBuilder->get()
 5 SYSTEMPATH/BaseModel.php(676): CodeIgniter\Model->doFindAll()
 6 APPPATH/Controllers/AchatController.php(13): CodeIgniter\BaseModel->findAll()
 7 SYSTEMPATH/CodeIgniter.php(974): App\Controllers\AchatController->index()
 8 SYSTEMPATH/CodeIgniter.php(520): CodeIgniter\CodeIgniter->runController()
 9 SYSTEMPATH/CodeIgniter.php(363): CodeIgniter\CodeIgniter->handleRequest()
10 SYSTEMPATH/Boot.php(417): CodeIgniter\CodeIgniter->run()
11 SYSTEMPATH/Boot.php(68): CodeIgniter\Boot::runCodeIgniter()
12 FCPATH/index.php(59): CodeIgniter\Boot::bootWeb()
13 SYSTEMPATH/rewrite.php(44): require_once('/home/miaro/Documents/S4/Systeme d\'information/Caisse/public/index.php')
CRITICAL - 2026-06-17 07:20:41 --> [Caused by] SQLite3Exception: Unable to prepare statement: no such table: achat
in SYSTEMPATH/Database/SQLite3/Connection.php on line 164.
 1 SYSTEMPATH/Database/SQLite3/Connection.php(164): SQLite3->query()
 2 SYSTEMPATH/Database/BaseConnection.php(908): CodeIgniter\Database\SQLite3\Connection->execute()
 3 SYSTEMPATH/Database/BaseConnection.php(825): CodeIgniter\Database\BaseConnection->simpleQuery()
 4 SYSTEMPATH/Database/BaseBuilder.php(1647): CodeIgniter\Database\BaseConnection->query()
 5 SYSTEMPATH/Model.php(255): CodeIgniter\Database\BaseBuilder->get()
 6 SYSTEMPATH/BaseModel.php(676): CodeIgniter\Model->doFindAll()
 7 APPPATH/Controllers/AchatController.php(13): CodeIgniter\BaseModel->findAll()
 8 SYSTEMPATH/CodeIgniter.php(974): App\Controllers\AchatController->index()
 9 SYSTEMPATH/CodeIgniter.php(520): CodeIgniter\CodeIgniter->runController()
10 SYSTEMPATH/CodeIgniter.php(363): CodeIgniter\CodeIgniter->handleRequest()
11 SYSTEMPATH/Boot.php(417): CodeIgniter\CodeIgniter->run()
12 SYSTEMPATH/Boot.php(68): CodeIgniter\Boot::runCodeIgniter()
13 FCPATH/index.php(59): CodeIgniter\Boot::bootWeb()
14 SYSTEMPATH/rewrite.php(44): require_once('/home/miaro/Documents/S4/Systeme d\'information/Caisse/public/index.php')
ERROR - 2026-06-17 07:20:43 --> Unable to prepare statement: no such table: achat
in SYSTEMPATH/Database/SQLite3/Connection.php on line 164.
 1 SYSTEMPATH/Database/SQLite3/Connection.php(164): SQLite3->query()
 2 SYSTEMPATH/Database/BaseConnection.php(908): CodeIgniter\Database\SQLite3\Connection->execute()
 3 SYSTEMPATH/Database/BaseConnection.php(825): CodeIgniter\Database\BaseConnection->simpleQuery()
 4 SYSTEMPATH/Database/BaseBuilder.php(1647): CodeIgniter\Database\BaseConnection->query()
 5 SYSTEMPATH/Model.php(255): CodeIgniter\Database\BaseBuilder->get()
 6 SYSTEMPATH/BaseModel.php(676): CodeIgniter\Model->doFindAll()
 7 APPPATH/Controllers/AchatController.php(13): CodeIgniter\BaseModel->findAll()
 8 SYSTEMPATH/CodeIgniter.php(974): App\Controllers\AchatController->index()
 9 SYSTEMPATH/CodeIgniter.php(520): CodeIgniter\CodeIgniter->runController()
10 SYSTEMPATH/CodeIgniter.php(363): CodeIgniter\CodeIgniter->handleRequest()
11 SYSTEMPATH/Boot.php(417): CodeIgniter\CodeIgniter->run()
12 SYSTEMPATH/Boot.php(68): CodeIgniter\Boot::runCodeIgniter()
13 FCPATH/index.php(59): CodeIgniter\Boot::bootWeb()
14 SYSTEMPATH/rewrite.php(44): require_once('/home/miaro/Documents/S4/Systeme d\'information/Caisse/public/index.php')
CRITICAL - 2026-06-17 07:20:43 --> CodeIgniter\Database\Exceptions\DatabaseException: Unable to prepare statement: no such table: achat
[Method: GET, Route: Achat/]
in SYSTEMPATH/Database/BaseConnection.php on line 863.
 1 SYSTEMPATH/Database/BaseBuilder.php(1647): CodeIgniter\Database\BaseConnection->query()
 2 SYSTEMPATH/Model.php(255): CodeIgniter\Database\BaseBuilder->get()
 3 SYSTEMPATH/BaseModel.php(676): CodeIgniter\Model->doFindAll()
 4 APPPATH/Controllers/AchatController.php(13): CodeIgniter\BaseModel->findAll()
 5 SYSTEMPATH/CodeIgniter.php(974): App\Controllers\AchatController->index()
 6 SYSTEMPATH/CodeIgniter.php(520): CodeIgniter\CodeIgniter->runController()
 7 SYSTEMPATH/CodeIgniter.php(363): CodeIgniter\CodeIgniter->handleRequest()
 8 SYSTEMPATH/Boot.php(417): CodeIgniter\CodeIgniter->run()
 9 SYSTEMPATH/Boot.php(68): CodeIgniter\Boot::runCodeIgniter()
10 FCPATH/index.php(59): CodeIgniter\Boot::bootWeb()
11 SYSTEMPATH/rewrite.php(44): require_once('/home/miaro/Documents/S4/Systeme d\'information/Caisse/public/index.php')
CRITICAL - 2026-06-17 07:20:43 --> [Caused by] CodeIgniter\Database\Exceptions\DatabaseException: Unable to prepare statement: no such table: achat
in SYSTEMPATH/Database/SQLite3/Connection.php on line 174.
 1 SYSTEMPATH/Database/BaseConnection.php(908): CodeIgniter\Database\SQLite3\Connection->execute()
 2 SYSTEMPATH/Database/BaseConnection.php(825): CodeIgniter\Database\BaseConnection->simpleQuery()
 3 SYSTEMPATH/Database/BaseBuilder.php(1647): CodeIgniter\Database\BaseConnection->query()
 4 SYSTEMPATH/Model.php(255): CodeIgniter\Database\BaseBuilder->get()
 5 SYSTEMPATH/BaseModel.php(676): CodeIgniter\Model->doFindAll()
 6 APPPATH/Controllers/AchatController.php(13): CodeIgniter\BaseModel->findAll()
 7 SYSTEMPATH/CodeIgniter.php(974): App\Controllers\AchatController->index()
 8 SYSTEMPATH/CodeIgniter.php(520): CodeIgniter\CodeIgniter->runController()
 9 SYSTEMPATH/CodeIgniter.php(363): CodeIgniter\CodeIgniter->handleRequest()
10 SYSTEMPATH/Boot.php(417): CodeIgniter\CodeIgniter->run()
11 SYSTEMPATH/Boot.php(68): CodeIgniter\Boot::runCodeIgniter()
12 FCPATH/index.php(59): CodeIgniter\Boot::bootWeb()
13 SYSTEMPATH/rewrite.php(44): require_once('/home/miaro/Documents/S4/Systeme d\'information/Caisse/public/index.php')
CRITICAL - 2026-06-17 07:20:43 --> [Caused by] SQLite3Exception: Unable to prepare statement: no such table: achat
in SYSTEMPATH/Database/SQLite3/Connection.php on line 164.
 1 SYSTEMPATH/Database/SQLite3/Connection.php(164): SQLite3->query()
 2 SYSTEMPATH/Database/BaseConnection.php(908): CodeIgniter\Database\SQLite3\Connection->execute()
 3 SYSTEMPATH/Database/BaseConnection.php(825): CodeIgniter\Database\BaseConnection->simpleQuery()
 4 SYSTEMPATH/Database/BaseBuilder.php(1647): CodeIgniter\Database\BaseConnection->query()
 5 SYSTEMPATH/Model.php(255): CodeIgniter\Database\BaseBuilder->get()
 6 SYSTEMPATH/BaseModel.php(676): CodeIgniter\Model->doFindAll()
 7 APPPATH/Controllers/AchatController.php(13): CodeIgniter\BaseModel->findAll()
 8 SYSTEMPATH/CodeIgniter.php(974): App\Controllers\AchatController->index()
 9 SYSTEMPATH/CodeIgniter.php(520): CodeIgniter\CodeIgniter->runController()
10 SYSTEMPATH/CodeIgniter.php(363): CodeIgniter\CodeIgniter->handleRequest()
11 SYSTEMPATH/Boot.php(417): CodeIgniter\CodeIgniter->run()
12 SYSTEMPATH/Boot.php(68): CodeIgniter\Boot::runCodeIgniter()
13 FCPATH/index.php(59): CodeIgniter\Boot::bootWeb()
14 SYSTEMPATH/rewrite.php(44): require_once('/home/miaro/Documents/S4/Systeme d\'information/Caisse/public/index.php')
ERROR - 2026-06-17 07:20:44 --> Unable to prepare statement: no such table: achat
in SYSTEMPATH/Database/SQLite3/Connection.php on line 164.
 1 SYSTEMPATH/Database/SQLite3/Connection.php(164): SQLite3->query()
 2 SYSTEMPATH/Database/BaseConnection.php(908): CodeIgniter\Database\SQLite3\Connection->execute()
 3 SYSTEMPATH/Database/BaseConnection.php(825): CodeIgniter\Database\BaseConnection->simpleQuery()
 4 SYSTEMPATH/Database/BaseBuilder.php(1647): CodeIgniter\Database\BaseConnection->query()
 5 SYSTEMPATH/Model.php(255): CodeIgniter\Database\BaseBuilder->get()
 6 SYSTEMPATH/BaseModel.php(676): CodeIgniter\Model->doFindAll()
 7 APPPATH/Controllers/AchatController.php(13): CodeIgniter\BaseModel->findAll()
 8 SYSTEMPATH/CodeIgniter.php(974): App\Controllers\AchatController->index()
 9 SYSTEMPATH/CodeIgniter.php(520): CodeIgniter\CodeIgniter->runController()
10 SYSTEMPATH/CodeIgniter.php(363): CodeIgniter\CodeIgniter->handleRequest()
11 SYSTEMPATH/Boot.php(417): CodeIgniter\CodeIgniter->run()
12 SYSTEMPATH/Boot.php(68): CodeIgniter\Boot::runCodeIgniter()
13 FCPATH/index.php(59): CodeIgniter\Boot::bootWeb()
14 SYSTEMPATH/rewrite.php(44): require_once('/home/miaro/Documents/S4/Systeme d\'information/Caisse/public/index.php')
CRITICAL - 2026-06-17 07:20:44 --> CodeIgniter\Database\Exceptions\DatabaseException: Unable to prepare statement: no such table: achat
[Method: GET, Route: Achat/]
in SYSTEMPATH/Database/BaseConnection.php on line 863.
 1 SYSTEMPATH/Database/BaseBuilder.php(1647): CodeIgniter\Database\BaseConnection->query()
 2 SYSTEMPATH/Model.php(255): CodeIgniter\Database\BaseBuilder->get()
 3 SYSTEMPATH/BaseModel.php(676): CodeIgniter\Model->doFindAll()
 4 APPPATH/Controllers/AchatController.php(13): CodeIgniter\BaseModel->findAll()
 5 SYSTEMPATH/CodeIgniter.php(974): App\Controllers\AchatController->index()
 6 SYSTEMPATH/CodeIgniter.php(520): CodeIgniter\CodeIgniter->runController()
 7 SYSTEMPATH/CodeIgniter.php(363): CodeIgniter\CodeIgniter->handleRequest()
 8 SYSTEMPATH/Boot.php(417): CodeIgniter\CodeIgniter->run()
 9 SYSTEMPATH/Boot.php(68): CodeIgniter\Boot::runCodeIgniter()
10 FCPATH/index.php(59): CodeIgniter\Boot::bootWeb()
11 SYSTEMPATH/rewrite.php(44): require_once('/home/miaro/Documents/S4/Systeme d\'information/Caisse/public/index.php')
CRITICAL - 2026-06-17 07:20:44 --> [Caused by] CodeIgniter\Database\Exceptions\DatabaseException: Unable to prepare statement: no such table: achat
in SYSTEMPATH/Database/SQLite3/Connection.php on line 174.
 1 SYSTEMPATH/Database/BaseConnection.php(908): CodeIgniter\Database\SQLite3\Connection->execute()
 2 SYSTEMPATH/Database/BaseConnection.php(825): CodeIgniter\Database\BaseConnection->simpleQuery()
 3 SYSTEMPATH/Database/BaseBuilder.php(1647): CodeIgniter\Database\BaseConnection->query()
 4 SYSTEMPATH/Model.php(255): CodeIgniter\Database\BaseBuilder->get()
 5 SYSTEMPATH/BaseModel.php(676): CodeIgniter\Model->doFindAll()
 6 APPPATH/Controllers/AchatController.php(13): CodeIgniter\BaseModel->findAll()
 7 SYSTEMPATH/CodeIgniter.php(974): App\Controllers\AchatController->index()
 8 SYSTEMPATH/CodeIgniter.php(520): CodeIgniter\CodeIgniter->runController()
 9 SYSTEMPATH/CodeIgniter.php(363): CodeIgniter\CodeIgniter->handleRequest()
10 SYSTEMPATH/Boot.php(417): CodeIgniter\CodeIgniter->run()
11 SYSTEMPATH/Boot.php(68): CodeIgniter\Boot::runCodeIgniter()
12 FCPATH/index.php(59): CodeIgniter\Boot::bootWeb()
13 SYSTEMPATH/rewrite.php(44): require_once('/home/miaro/Documents/S4/Systeme d\'information/Caisse/public/index.php')
CRITICAL - 2026-06-17 07:20:44 --> [Caused by] SQLite3Exception: Unable to prepare statement: no such table: achat
in SYSTEMPATH/Database/SQLite3/Connection.php on line 164.
 1 SYSTEMPATH/Database/SQLite3/Connection.php(164): SQLite3->query()
 2 SYSTEMPATH/Database/BaseConnection.php(908): CodeIgniter\Database\SQLite3\Connection->execute()
 3 SYSTEMPATH/Database/BaseConnection.php(825): CodeIgniter\Database\BaseConnection->simpleQuery()
 4 SYSTEMPATH/Database/BaseBuilder.php(1647): CodeIgniter\Database\BaseConnection->query()
 5 SYSTEMPATH/Model.php(255): CodeIgniter\Database\BaseBuilder->get()
 6 SYSTEMPATH/BaseModel.php(676): CodeIgniter\Model->doFindAll()
 7 APPPATH/Controllers/AchatController.php(13): CodeIgniter\BaseModel->findAll()
 8 SYSTEMPATH/CodeIgniter.php(974): App\Controllers\AchatController->index()
 9 SYSTEMPATH/CodeIgniter.php(520): CodeIgniter\CodeIgniter->runController()
10 SYSTEMPATH/CodeIgniter.php(363): CodeIgniter\CodeIgniter->handleRequest()
11 SYSTEMPATH/Boot.php(417): CodeIgniter\CodeIgniter->run()
12 SYSTEMPATH/Boot.php(68): CodeIgniter\Boot::runCodeIgniter()
13 FCPATH/index.php(59): CodeIgniter\Boot::bootWeb()
14 SYSTEMPATH/rewrite.php(44): require_once('/home/miaro/Documents/S4/Systeme d\'information/Caisse/public/index.php')
DEBUG - 2026-06-17 07:38:25 --> Session: Class initialized using 'CodeIgniter\Session\Handlers\FileHandler' driver.
ERROR - 2026-06-17 07:38:25 --> Unable to prepare statement: no such table: produits
in SYSTEMPATH/Database/SQLite3/Connection.php on line 164.
 1 SYSTEMPATH/Database/SQLite3/Connection.php(164): SQLite3->query()
 2 SYSTEMPATH/Database/BaseConnection.php(908): CodeIgniter\Database\SQLite3\Connection->execute()
 3 SYSTEMPATH/Database/BaseConnection.php(825): CodeIgniter\Database\BaseConnection->simpleQuery()
 4 SYSTEMPATH/Database/BaseBuilder.php(1647): CodeIgniter\Database\BaseConnection->query()
 5 SYSTEMPATH/Model.php(255): CodeIgniter\Database\BaseBuilder->get()
 6 SYSTEMPATH/BaseModel.php(676): CodeIgniter\Model->doFindAll()
 7 APPPATH/Controllers/AchatController.php(20): CodeIgniter\BaseModel->findAll()
 8 SYSTEMPATH/CodeIgniter.php(974): App\Controllers\AchatController->index()
 9 SYSTEMPATH/CodeIgniter.php(520): CodeIgniter\CodeIgniter->runController()
10 SYSTEMPATH/CodeIgniter.php(363): CodeIgniter\CodeIgniter->handleRequest()
11 SYSTEMPATH/Boot.php(417): CodeIgniter\CodeIgniter->run()
12 SYSTEMPATH/Boot.php(68): CodeIgniter\Boot::runCodeIgniter()
13 FCPATH/index.php(59): CodeIgniter\Boot::bootWeb()
14 SYSTEMPATH/rewrite.php(44): require_once('/home/miaro/Documents/S4/Systeme d\'information/Caisse/public/index.php')
CRITICAL - 2026-06-17 07:38:25 --> CodeIgniter\Database\Exceptions\DatabaseException: Unable to prepare statement: no such table: produits
[Method: GET, Route: Achat/]
in SYSTEMPATH/Database/BaseConnection.php on line 863.
 1 SYSTEMPATH/Database/BaseBuilder.php(1647): CodeIgniter\Database\BaseConnection->query()
 2 SYSTEMPATH/Model.php(255): CodeIgniter\Database\BaseBuilder->get()
 3 SYSTEMPATH/BaseModel.php(676): CodeIgniter\Model->doFindAll()
 4 APPPATH/Controllers/AchatController.php(20): CodeIgniter\BaseModel->findAll()
 5 SYSTEMPATH/CodeIgniter.php(974): App\Controllers\AchatController->index()
 6 SYSTEMPATH/CodeIgniter.php(520): CodeIgniter\CodeIgniter->runController()
 7 SYSTEMPATH/CodeIgniter.php(363): CodeIgniter\CodeIgniter->handleRequest()
 8 SYSTEMPATH/Boot.php(417): CodeIgniter\CodeIgniter->run()
 9 SYSTEMPATH/Boot.php(68): CodeIgniter\Boot::runCodeIgniter()
10 FCPATH/index.php(59): CodeIgniter\Boot::bootWeb()
11 SYSTEMPATH/rewrite.php(44): require_once('/home/miaro/Documents/S4/Systeme d\'information/Caisse/public/index.php')
CRITICAL - 2026-06-17 07:38:25 --> [Caused by] CodeIgniter\Database\Exceptions\DatabaseException: Unable to prepare statement: no such table: produits
in SYSTEMPATH/Database/SQLite3/Connection.php on line 174.
 1 SYSTEMPATH/Database/BaseConnection.php(908): CodeIgniter\Database\SQLite3\Connection->execute()
 2 SYSTEMPATH/Database/BaseConnection.php(825): CodeIgniter\Database\BaseConnection->simpleQuery()
 3 SYSTEMPATH/Database/BaseBuilder.php(1647): CodeIgniter\Database\BaseConnection->query()
 4 SYSTEMPATH/Model.php(255): CodeIgniter\Database\BaseBuilder->get()
 5 SYSTEMPATH/BaseModel.php(676): CodeIgniter\Model->doFindAll()
 6 APPPATH/Controllers/AchatController.php(20): CodeIgniter\BaseModel->findAll()
 7 SYSTEMPATH/CodeIgniter.php(974): App\Controllers\AchatController->index()
 8 SYSTEMPATH/CodeIgniter.php(520): CodeIgniter\CodeIgniter->runController()
 9 SYSTEMPATH/CodeIgniter.php(363): CodeIgniter\CodeIgniter->handleRequest()
10 SYSTEMPATH/Boot.php(417): CodeIgniter\CodeIgniter->run()
11 SYSTEMPATH/Boot.php(68): CodeIgniter\Boot::runCodeIgniter()
12 FCPATH/index.php(59): CodeIgniter\Boot::bootWeb()
13 SYSTEMPATH/rewrite.php(44): require_once('/home/miaro/Documents/S4/Systeme d\'information/Caisse/public/index.php')
CRITICAL - 2026-06-17 07:38:25 --> [Caused by] SQLite3Exception: Unable to prepare statement: no such table: produits
in SYSTEMPATH/Database/SQLite3/Connection.php on line 164.
 1 SYSTEMPATH/Database/SQLite3/Connection.php(164): SQLite3->query()
 2 SYSTEMPATH/Database/BaseConnection.php(908): CodeIgniter\Database\SQLite3\Connection->execute()
 3 SYSTEMPATH/Database/BaseConnection.php(825): CodeIgniter\Database\BaseConnection->simpleQuery()
 4 SYSTEMPATH/Database/BaseBuilder.php(1647): CodeIgniter\Database\BaseConnection->query()
 5 SYSTEMPATH/Model.php(255): CodeIgniter\Database\BaseBuilder->get()
 6 SYSTEMPATH/BaseModel.php(676): CodeIgniter\Model->doFindAll()
 7 APPPATH/Controllers/AchatController.php(20): CodeIgniter\BaseModel->findAll()
 8 SYSTEMPATH/CodeIgniter.php(974): App\Controllers\AchatController->index()
 9 SYSTEMPATH/CodeIgniter.php(520): CodeIgniter\CodeIgniter->runController()
10 SYSTEMPATH/CodeIgniter.php(363): CodeIgniter\CodeIgniter->handleRequest()
11 SYSTEMPATH/Boot.php(417): CodeIgniter\CodeIgniter->run()
12 SYSTEMPATH/Boot.php(68): CodeIgniter\Boot::runCodeIgniter()
13 FCPATH/index.php(59): CodeIgniter\Boot::bootWeb()
14 SYSTEMPATH/rewrite.php(44): require_once('/home/miaro/Documents/S4/Systeme d\'information/Caisse/public/index.php')
ERROR - 2026-06-17 07:39:13 --> Unable to prepare statement: no such table: produits
in SYSTEMPATH/Database/SQLite3/Connection.php on line 164.
 1 SYSTEMPATH/Database/SQLite3/Connection.php(164): SQLite3->query()
 2 SYSTEMPATH/Database/BaseConnection.php(908): CodeIgniter\Database\SQLite3\Connection->execute()
 3 SYSTEMPATH/Database/BaseConnection.php(825): CodeIgniter\Database\BaseConnection->simpleQuery()
 4 SYSTEMPATH/Database/BaseBuilder.php(1647): CodeIgniter\Database\BaseConnection->query()
 5 SYSTEMPATH/Model.php(255): CodeIgniter\Database\BaseBuilder->get()
 6 SYSTEMPATH/BaseModel.php(676): CodeIgniter\Model->doFindAll()
 7 APPPATH/Controllers/AchatController.php(21): CodeIgniter\BaseModel->findAll()
 8 SYSTEMPATH/CodeIgniter.php(974): App\Controllers\AchatController->index()
 9 SYSTEMPATH/CodeIgniter.php(520): CodeIgniter\CodeIgniter->runController()
10 SYSTEMPATH/CodeIgniter.php(363): CodeIgniter\CodeIgniter->handleRequest()
11 SYSTEMPATH/Boot.php(417): CodeIgniter\CodeIgniter->run()
12 SYSTEMPATH/Boot.php(68): CodeIgniter\Boot::runCodeIgniter()
13 FCPATH/index.php(59): CodeIgniter\Boot::bootWeb()
14 SYSTEMPATH/rewrite.php(44): require_once('/home/miaro/Documents/S4/Systeme d\'information/Caisse/public/index.php')
CRITICAL - 2026-06-17 07:39:13 --> CodeIgniter\Database\Exceptions\DatabaseException: Unable to prepare statement: no such table: produits
[Method: GET, Route: Achat/]
in SYSTEMPATH/Database/BaseConnection.php on line 863.
 1 SYSTEMPATH/Database/BaseBuilder.php(1647): CodeIgniter\Database\BaseConnection->query()
 2 SYSTEMPATH/Model.php(255): CodeIgniter\Database\BaseBuilder->get()
 3 SYSTEMPATH/BaseModel.php(676): CodeIgniter\Model->doFindAll()
 4 APPPATH/Controllers/AchatController.php(21): CodeIgniter\BaseModel->findAll()
 5 SYSTEMPATH/CodeIgniter.php(974): App\Controllers\AchatController->index()
 6 SYSTEMPATH/CodeIgniter.php(520): CodeIgniter\CodeIgniter->runController()
 7 SYSTEMPATH/CodeIgniter.php(363): CodeIgniter\CodeIgniter->handleRequest()
 8 SYSTEMPATH/Boot.php(417): CodeIgniter\CodeIgniter->run()
 9 SYSTEMPATH/Boot.php(68): CodeIgniter\Boot::runCodeIgniter()
10 FCPATH/index.php(59): CodeIgniter\Boot::bootWeb()
11 SYSTEMPATH/rewrite.php(44): require_once('/home/miaro/Documents/S4/Systeme d\'information/Caisse/public/index.php')
CRITICAL - 2026-06-17 07:39:13 --> [Caused by] CodeIgniter\Database\Exceptions\DatabaseException: Unable to prepare statement: no such table: produits
in SYSTEMPATH/Database/SQLite3/Connection.php on line 174.
 1 SYSTEMPATH/Database/BaseConnection.php(908): CodeIgniter\Database\SQLite3\Connection->execute()
 2 SYSTEMPATH/Database/BaseConnection.php(825): CodeIgniter\Database\BaseConnection->simpleQuery()
 3 SYSTEMPATH/Database/BaseBuilder.php(1647): CodeIgniter\Database\BaseConnection->query()
 4 SYSTEMPATH/Model.php(255): CodeIgniter\Database\BaseBuilder->get()
 5 SYSTEMPATH/BaseModel.php(676): CodeIgniter\Model->doFindAll()
 6 APPPATH/Controllers/AchatController.php(21): CodeIgniter\BaseModel->findAll()
 7 SYSTEMPATH/CodeIgniter.php(974): App\Controllers\AchatController->index()
 8 SYSTEMPATH/CodeIgniter.php(520): CodeIgniter\CodeIgniter->runController()
 9 SYSTEMPATH/CodeIgniter.php(363): CodeIgniter\CodeIgniter->handleRequest()
10 SYSTEMPATH/Boot.php(417): CodeIgniter\CodeIgniter->run()
11 SYSTEMPATH/Boot.php(68): CodeIgniter\Boot::runCodeIgniter()
12 FCPATH/index.php(59): CodeIgniter\Boot::bootWeb()
13 SYSTEMPATH/rewrite.php(44): require_once('/home/miaro/Documents/S4/Systeme d\'information/Caisse/public/index.php')
CRITICAL - 2026-06-17 07:39:13 --> [Caused by] SQLite3Exception: Unable to prepare statement: no such table: produits
in SYSTEMPATH/Database/SQLite3/Connection.php on line 164.
 1 SYSTEMPATH/Database/SQLite3/Connection.php(164): SQLite3->query()
 2 SYSTEMPATH/Database/BaseConnection.php(908): CodeIgniter\Database\SQLite3\Connection->execute()
 3 SYSTEMPATH/Database/BaseConnection.php(825): CodeIgniter\Database\BaseConnection->simpleQuery()
 4 SYSTEMPATH/Database/BaseBuilder.php(1647): CodeIgniter\Database\BaseConnection->query()
 5 SYSTEMPATH/Model.php(255): CodeIgniter\Database\BaseBuilder->get()
 6 SYSTEMPATH/BaseModel.php(676): CodeIgniter\Model->doFindAll()
 7 APPPATH/Controllers/AchatController.php(21): CodeIgniter\BaseModel->findAll()
 8 SYSTEMPATH/CodeIgniter.php(974): App\Controllers\AchatController->index()
 9 SYSTEMPATH/CodeIgniter.php(520): CodeIgniter\CodeIgniter->runController()
10 SYSTEMPATH/CodeIgniter.php(363): CodeIgniter\CodeIgniter->handleRequest()
11 SYSTEMPATH/Boot.php(417): CodeIgniter\CodeIgniter->run()
12 SYSTEMPATH/Boot.php(68): CodeIgniter\Boot::runCodeIgniter()
13 FCPATH/index.php(59): CodeIgniter\Boot::bootWeb()
14 SYSTEMPATH/rewrite.php(44): require_once('/home/miaro/Documents/S4/Systeme d\'information/Caisse/public/index.php')
ERROR - 2026-06-17 07:39:14 --> Unable to prepare statement: no such table: produits
in SYSTEMPATH/Database/SQLite3/Connection.php on line 164.
 1 SYSTEMPATH/Database/SQLite3/Connection.php(164): SQLite3->query()
 2 SYSTEMPATH/Database/BaseConnection.php(908): CodeIgniter\Database\SQLite3\Connection->execute()
 3 SYSTEMPATH/Database/BaseConnection.php(825): CodeIgniter\Database\BaseConnection->simpleQuery()
 4 SYSTEMPATH/Database/BaseBuilder.php(1647): CodeIgniter\Database\BaseConnection->query()
 5 SYSTEMPATH/Model.php(255): CodeIgniter\Database\BaseBuilder->get()
 6 SYSTEMPATH/BaseModel.php(676): CodeIgniter\Model->doFindAll()
 7 APPPATH/Controllers/AchatController.php(21): CodeIgniter\BaseModel->findAll()
 8 SYSTEMPATH/CodeIgniter.php(974): App\Controllers\AchatController->index()
 9 SYSTEMPATH/CodeIgniter.php(520): CodeIgniter\CodeIgniter->runController()
10 SYSTEMPATH/CodeIgniter.php(363): CodeIgniter\CodeIgniter->handleRequest()
11 SYSTEMPATH/Boot.php(417): CodeIgniter\CodeIgniter->run()
12 SYSTEMPATH/Boot.php(68): CodeIgniter\Boot::runCodeIgniter()
13 FCPATH/index.php(59): CodeIgniter\Boot::bootWeb()
14 SYSTEMPATH/rewrite.php(44): require_once('/home/miaro/Documents/S4/Systeme d\'information/Caisse/public/index.php')
CRITICAL - 2026-06-17 07:39:14 --> CodeIgniter\Database\Exceptions\DatabaseException: Unable to prepare statement: no such table: produits
[Method: GET, Route: Achat/]
in SYSTEMPATH/Database/BaseConnection.php on line 863.
 1 SYSTEMPATH/Database/BaseBuilder.php(1647): CodeIgniter\Database\BaseConnection->query()
 2 SYSTEMPATH/Model.php(255): CodeIgniter\Database\BaseBuilder->get()
 3 SYSTEMPATH/BaseModel.php(676): CodeIgniter\Model->doFindAll()
 4 APPPATH/Controllers/AchatController.php(21): CodeIgniter\BaseModel->findAll()
 5 SYSTEMPATH/CodeIgniter.php(974): App\Controllers\AchatController->index()
 6 SYSTEMPATH/CodeIgniter.php(520): CodeIgniter\CodeIgniter->runController()
 7 SYSTEMPATH/CodeIgniter.php(363): CodeIgniter\CodeIgniter->handleRequest()
 8 SYSTEMPATH/Boot.php(417): CodeIgniter\CodeIgniter->run()
 9 SYSTEMPATH/Boot.php(68): CodeIgniter\Boot::runCodeIgniter()
10 FCPATH/index.php(59): CodeIgniter\Boot::bootWeb()
11 SYSTEMPATH/rewrite.php(44): require_once('/home/miaro/Documents/S4/Systeme d\'information/Caisse/public/index.php')
CRITICAL - 2026-06-17 07:39:14 --> [Caused by] CodeIgniter\Database\Exceptions\DatabaseException: Unable to prepare statement: no such table: produits
in SYSTEMPATH/Database/SQLite3/Connection.php on line 174.
 1 SYSTEMPATH/Database/BaseConnection.php(908): CodeIgniter\Database\SQLite3\Connection->execute()
 2 SYSTEMPATH/Database/BaseConnection.php(825): CodeIgniter\Database\BaseConnection->simpleQuery()
 3 SYSTEMPATH/Database/BaseBuilder.php(1647): CodeIgniter\Database\BaseConnection->query()
 4 SYSTEMPATH/Model.php(255): CodeIgniter\Database\BaseBuilder->get()
 5 SYSTEMPATH/BaseModel.php(676): CodeIgniter\Model->doFindAll()
 6 APPPATH/Controllers/AchatController.php(21): CodeIgniter\BaseModel->findAll()
 7 SYSTEMPATH/CodeIgniter.php(974): App\Controllers\AchatController->index()
 8 SYSTEMPATH/CodeIgniter.php(520): CodeIgniter\CodeIgniter->runController()
 9 SYSTEMPATH/CodeIgniter.php(363): CodeIgniter\CodeIgniter->handleRequest()
10 SYSTEMPATH/Boot.php(417): CodeIgniter\CodeIgniter->run()
11 SYSTEMPATH/Boot.php(68): CodeIgniter\Boot::runCodeIgniter()
12 FCPATH/index.php(59): CodeIgniter\Boot::bootWeb()
13 SYSTEMPATH/rewrite.php(44): require_once('/home/miaro/Documents/S4/Systeme d\'information/Caisse/public/index.php')
CRITICAL - 2026-06-17 07:39:14 --> [Caused by] SQLite3Exception: Unable to prepare statement: no such table: produits
in SYSTEMPATH/Database/SQLite3/Connection.php on line 164.
 1 SYSTEMPATH/Database/SQLite3/Connection.php(164): SQLite3->query()
 2 SYSTEMPATH/Database/BaseConnection.php(908): CodeIgniter\Database\SQLite3\Connection->execute()
 3 SYSTEMPATH/Database/BaseConnection.php(825): CodeIgniter\Database\BaseConnection->simpleQuery()
 4 SYSTEMPATH/Database/BaseBuilder.php(1647): CodeIgniter\Database\BaseConnection->query()
 5 SYSTEMPATH/Model.php(255): CodeIgniter\Database\BaseBuilder->get()
 6 SYSTEMPATH/BaseModel.php(676): CodeIgniter\Model->doFindAll()
 7 APPPATH/Controllers/AchatController.php(21): CodeIgniter\BaseModel->findAll()
 8 SYSTEMPATH/CodeIgniter.php(974): App\Controllers\AchatController->index()
 9 SYSTEMPATH/CodeIgniter.php(520): CodeIgniter\CodeIgniter->runController()
10 SYSTEMPATH/CodeIgniter.php(363): CodeIgniter\CodeIgniter->handleRequest()
11 SYSTEMPATH/Boot.php(417): CodeIgniter\CodeIgniter->run()
12 SYSTEMPATH/Boot.php(68): CodeIgniter\Boot::runCodeIgniter()
13 FCPATH/index.php(59): CodeIgniter\Boot::bootWeb()
14 SYSTEMPATH/rewrite.php(44): require_once('/home/miaro/Documents/S4/Systeme d\'information/Caisse/public/index.php')
ERROR - 2026-06-17 07:39:16 --> Unable to prepare statement: no such table: produits
in SYSTEMPATH/Database/SQLite3/Connection.php on line 164.
 1 SYSTEMPATH/Database/SQLite3/Connection.php(164): SQLite3->query()
 2 SYSTEMPATH/Database/BaseConnection.php(908): CodeIgniter\Database\SQLite3\Connection->execute()
 3 SYSTEMPATH/Database/BaseConnection.php(825): CodeIgniter\Database\BaseConnection->simpleQuery()
 4 SYSTEMPATH/Database/BaseBuilder.php(1647): CodeIgniter\Database\BaseConnection->query()
 5 SYSTEMPATH/Model.php(255): CodeIgniter\Database\BaseBuilder->get()
 6 SYSTEMPATH/BaseModel.php(676): CodeIgniter\Model->doFindAll()
 7 APPPATH/Controllers/AchatController.php(21): CodeIgniter\BaseModel->findAll()
 8 SYSTEMPATH/CodeIgniter.php(974): App\Controllers\AchatController->index()
 9 SYSTEMPATH/CodeIgniter.php(520): CodeIgniter\CodeIgniter->runController()
10 SYSTEMPATH/CodeIgniter.php(363): CodeIgniter\CodeIgniter->handleRequest()
11 SYSTEMPATH/Boot.php(417): CodeIgniter\CodeIgniter->run()
12 SYSTEMPATH/Boot.php(68): CodeIgniter\Boot::runCodeIgniter()
13 FCPATH/index.php(59): CodeIgniter\Boot::bootWeb()
14 SYSTEMPATH/rewrite.php(44): require_once('/home/miaro/Documents/S4/Systeme d\'information/Caisse/public/index.php')
CRITICAL - 2026-06-17 07:39:16 --> CodeIgniter\Database\Exceptions\DatabaseException: Unable to prepare statement: no such table: produits
[Method: GET, Route: Achat/]
in SYSTEMPATH/Database/BaseConnection.php on line 863.
 1 SYSTEMPATH/Database/BaseBuilder.php(1647): CodeIgniter\Database\BaseConnection->query()
 2 SYSTEMPATH/Model.php(255): CodeIgniter\Database\BaseBuilder->get()
 3 SYSTEMPATH/BaseModel.php(676): CodeIgniter\Model->doFindAll()
 4 APPPATH/Controllers/AchatController.php(21): CodeIgniter\BaseModel->findAll()
 5 SYSTEMPATH/CodeIgniter.php(974): App\Controllers\AchatController->index()
 6 SYSTEMPATH/CodeIgniter.php(520): CodeIgniter\CodeIgniter->runController()
 7 SYSTEMPATH/CodeIgniter.php(363): CodeIgniter\CodeIgniter->handleRequest()
 8 SYSTEMPATH/Boot.php(417): CodeIgniter\CodeIgniter->run()
 9 SYSTEMPATH/Boot.php(68): CodeIgniter\Boot::runCodeIgniter()
10 FCPATH/index.php(59): CodeIgniter\Boot::bootWeb()
11 SYSTEMPATH/rewrite.php(44): require_once('/home/miaro/Documents/S4/Systeme d\'information/Caisse/public/index.php')
CRITICAL - 2026-06-17 07:39:16 --> [Caused by] CodeIgniter\Database\Exceptions\DatabaseException: Unable to prepare statement: no such table: produits
in SYSTEMPATH/Database/SQLite3/Connection.php on line 174.
 1 SYSTEMPATH/Database/BaseConnection.php(908): CodeIgniter\Database\SQLite3\Connection->execute()
 2 SYSTEMPATH/Database/BaseConnection.php(825): CodeIgniter\Database\BaseConnection->simpleQuery()
 3 SYSTEMPATH/Database/BaseBuilder.php(1647): CodeIgniter\Database\BaseConnection->query()
 4 SYSTEMPATH/Model.php(255): CodeIgniter\Database\BaseBuilder->get()
 5 SYSTEMPATH/BaseModel.php(676): CodeIgniter\Model->doFindAll()
 6 APPPATH/Controllers/AchatController.php(21): CodeIgniter\BaseModel->findAll()
 7 SYSTEMPATH/CodeIgniter.php(974): App\Controllers\AchatController->index()
 8 SYSTEMPATH/CodeIgniter.php(520): CodeIgniter\CodeIgniter->runController()
 9 SYSTEMPATH/CodeIgniter.php(363): CodeIgniter\CodeIgniter->handleRequest()
10 SYSTEMPATH/Boot.php(417): CodeIgniter\CodeIgniter->run()
11 SYSTEMPATH/Boot.php(68): CodeIgniter\Boot::runCodeIgniter()
12 FCPATH/index.php(59): CodeIgniter\Boot::bootWeb()
13 SYSTEMPATH/rewrite.php(44): require_once('/home/miaro/Documents/S4/Systeme d\'information/Caisse/public/index.php')
CRITICAL - 2026-06-17 07:39:16 --> [Caused by] SQLite3Exception: Unable to prepare statement: no such table: produits
in SYSTEMPATH/Database/SQLite3/Connection.php on line 164.
 1 SYSTEMPATH/Database/SQLite3/Connection.php(164): SQLite3->query()
 2 SYSTEMPATH/Database/BaseConnection.php(908): CodeIgniter\Database\SQLite3\Connection->execute()
 3 SYSTEMPATH/Database/BaseConnection.php(825): CodeIgniter\Database\BaseConnection->simpleQuery()
 4 SYSTEMPATH/Database/BaseBuilder.php(1647): CodeIgniter\Database\BaseConnection->query()
 5 SYSTEMPATH/Model.php(255): CodeIgniter\Database\BaseBuilder->get()
 6 SYSTEMPATH/BaseModel.php(676): CodeIgniter\Model->doFindAll()
 7 APPPATH/Controllers/AchatController.php(21): CodeIgniter\BaseModel->findAll()
 8 SYSTEMPATH/CodeIgniter.php(974): App\Controllers\AchatController->index()
 9 SYSTEMPATH/CodeIgniter.php(520): CodeIgniter\CodeIgniter->runController()
10 SYSTEMPATH/CodeIgniter.php(363): CodeIgniter\CodeIgniter->handleRequest()
11 SYSTEMPATH/Boot.php(417): CodeIgniter\CodeIgniter->run()
12 SYSTEMPATH/Boot.php(68): CodeIgniter\Boot::runCodeIgniter()
13 FCPATH/index.php(59): CodeIgniter\Boot::bootWeb()
14 SYSTEMPATH/rewrite.php(44): require_once('/home/miaro/Documents/S4/Systeme d\'information/Caisse/public/index.php')
ERROR - 2026-06-17 07:41:28 --> Unable to prepare statement: no such table: produits
in SYSTEMPATH/Database/SQLite3/Connection.php on line 164.
 1 SYSTEMPATH/Database/SQLite3/Connection.php(164): SQLite3->query()
 2 SYSTEMPATH/Database/BaseConnection.php(908): CodeIgniter\Database\SQLite3\Connection->execute()
 3 SYSTEMPATH/Database/BaseConnection.php(825): CodeIgniter\Database\BaseConnection->simpleQuery()
 4 SYSTEMPATH/Database/BaseBuilder.php(1647): CodeIgniter\Database\BaseConnection->query()
 5 SYSTEMPATH/Model.php(255): CodeIgniter\Database\BaseBuilder->get()
 6 SYSTEMPATH/BaseModel.php(676): CodeIgniter\Model->doFindAll()
 7 APPPATH/Controllers/AchatController.php(21): CodeIgniter\BaseModel->findAll()
 8 SYSTEMPATH/CodeIgniter.php(974): App\Controllers\AchatController->index()
 9 SYSTEMPATH/CodeIgniter.php(520): CodeIgniter\CodeIgniter->runController()
10 SYSTEMPATH/CodeIgniter.php(363): CodeIgniter\CodeIgniter->handleRequest()
11 SYSTEMPATH/Boot.php(417): CodeIgniter\CodeIgniter->run()
12 SYSTEMPATH/Boot.php(68): CodeIgniter\Boot::runCodeIgniter()
13 FCPATH/index.php(59): CodeIgniter\Boot::bootWeb()
14 SYSTEMPATH/rewrite.php(44): require_once('/home/miaro/Documents/S4/Systeme d\'information/Caisse/public/index.php')
CRITICAL - 2026-06-17 07:41:28 --> CodeIgniter\Database\Exceptions\DatabaseException: Unable to prepare statement: no such table: produits
[Method: GET, Route: Achat]
in SYSTEMPATH/Database/BaseConnection.php on line 863.
 1 SYSTEMPATH/Database/BaseBuilder.php(1647): CodeIgniter\Database\BaseConnection->query()
 2 SYSTEMPATH/Model.php(255): CodeIgniter\Database\BaseBuilder->get()
 3 SYSTEMPATH/BaseModel.php(676): CodeIgniter\Model->doFindAll()
 4 APPPATH/Controllers/AchatController.php(21): CodeIgniter\BaseModel->findAll()
 5 SYSTEMPATH/CodeIgniter.php(974): App\Controllers\AchatController->index()
 6 SYSTEMPATH/CodeIgniter.php(520): CodeIgniter\CodeIgniter->runController()
 7 SYSTEMPATH/CodeIgniter.php(363): CodeIgniter\CodeIgniter->handleRequest()
 8 SYSTEMPATH/Boot.php(417): CodeIgniter\CodeIgniter->run()
 9 SYSTEMPATH/Boot.php(68): CodeIgniter\Boot::runCodeIgniter()
10 FCPATH/index.php(59): CodeIgniter\Boot::bootWeb()
11 SYSTEMPATH/rewrite.php(44): require_once('/home/miaro/Documents/S4/Systeme d\'information/Caisse/public/index.php')
CRITICAL - 2026-06-17 07:41:28 --> [Caused by] CodeIgniter\Database\Exceptions\DatabaseException: Unable to prepare statement: no such table: produits
in SYSTEMPATH/Database/SQLite3/Connection.php on line 174.
 1 SYSTEMPATH/Database/BaseConnection.php(908): CodeIgniter\Database\SQLite3\Connection->execute()
 2 SYSTEMPATH/Database/BaseConnection.php(825): CodeIgniter\Database\BaseConnection->simpleQuery()
 3 SYSTEMPATH/Database/BaseBuilder.php(1647): CodeIgniter\Database\BaseConnection->query()
 4 SYSTEMPATH/Model.php(255): CodeIgniter\Database\BaseBuilder->get()
 5 SYSTEMPATH/BaseModel.php(676): CodeIgniter\Model->doFindAll()
 6 APPPATH/Controllers/AchatController.php(21): CodeIgniter\BaseModel->findAll()
 7 SYSTEMPATH/CodeIgniter.php(974): App\Controllers\AchatController->index()
 8 SYSTEMPATH/CodeIgniter.php(520): CodeIgniter\CodeIgniter->runController()
 9 SYSTEMPATH/CodeIgniter.php(363): CodeIgniter\CodeIgniter->handleRequest()
10 SYSTEMPATH/Boot.php(417): CodeIgniter\CodeIgniter->run()
11 SYSTEMPATH/Boot.php(68): CodeIgniter\Boot::runCodeIgniter()
12 FCPATH/index.php(59): CodeIgniter\Boot::bootWeb()
13 SYSTEMPATH/rewrite.php(44): require_once('/home/miaro/Documents/S4/Systeme d\'information/Caisse/public/index.php')
CRITICAL - 2026-06-17 07:41:28 --> [Caused by] SQLite3Exception: Unable to prepare statement: no such table: produits
in SYSTEMPATH/Database/SQLite3/Connection.php on line 164.
 1 SYSTEMPATH/Database/SQLite3/Connection.php(164): SQLite3->query()
 2 SYSTEMPATH/Database/BaseConnection.php(908): CodeIgniter\Database\SQLite3\Connection->execute()
 3 SYSTEMPATH/Database/BaseConnection.php(825): CodeIgniter\Database\BaseConnection->simpleQuery()
 4 SYSTEMPATH/Database/BaseBuilder.php(1647): CodeIgniter\Database\BaseConnection->query()
 5 SYSTEMPATH/Model.php(255): CodeIgniter\Database\BaseBuilder->get()
 6 SYSTEMPATH/BaseModel.php(676): CodeIgniter\Model->doFindAll()
 7 APPPATH/Controllers/AchatController.php(21): CodeIgniter\BaseModel->findAll()
 8 SYSTEMPATH/CodeIgniter.php(974): App\Controllers\AchatController->index()
 9 SYSTEMPATH/CodeIgniter.php(520): CodeIgniter\CodeIgniter->runController()
10 SYSTEMPATH/CodeIgniter.php(363): CodeIgniter\CodeIgniter->handleRequest()
11 SYSTEMPATH/Boot.php(417): CodeIgniter\CodeIgniter->run()
12 SYSTEMPATH/Boot.php(68): CodeIgniter\Boot::runCodeIgniter()
13 FCPATH/index.php(59): CodeIgniter\Boot::bootWeb()
14 SYSTEMPATH/rewrite.php(44): require_once('/home/miaro/Documents/S4/Systeme d\'information/Caisse/public/index.php')
DEBUG - 2026-06-17 07:42:33 --> Session: Class initialized using 'CodeIgniter\Session\Handlers\FileHandler' driver.
ERROR - 2026-06-17 07:42:33 --> NOT NULL constraint failed: achat.caisse_id
in SYSTEMPATH/Database/SQLite3/Connection.php on line 163.
 1 SYSTEMPATH/Database/SQLite3/Connection.php(163): SQLite3->exec()
 2 SYSTEMPATH/Database/BaseConnection.php(908): CodeIgniter\Database\SQLite3\Connection->execute()
 3 SYSTEMPATH/Database/BaseConnection.php(825): CodeIgniter\Database\BaseConnection->simpleQuery()
 4 SYSTEMPATH/Database/BaseBuilder.php(2343): CodeIgniter\Database\BaseConnection->query()
 5 SYSTEMPATH/Model.php(357): CodeIgniter\Database\BaseBuilder->insert()
 6 SYSTEMPATH/BaseModel.php(899): CodeIgniter\Model->doInsert()
 7 SYSTEMPATH/Model.php(670): CodeIgniter\BaseModel->insert()
 8 APPPATH/Controllers/AchatController.php(35): CodeIgniter\Model->insert()
 9 SYSTEMPATH/CodeIgniter.php(974): App\Controllers\AchatController->create()
10 SYSTEMPATH/CodeIgniter.php(520): CodeIgniter\CodeIgniter->runController()
11 SYSTEMPATH/CodeIgniter.php(363): CodeIgniter\CodeIgniter->handleRequest()
12 SYSTEMPATH/Boot.php(417): CodeIgniter\CodeIgniter->run()
13 SYSTEMPATH/Boot.php(68): CodeIgniter\Boot::runCodeIgniter()
14 FCPATH/index.php(59): CodeIgniter\Boot::bootWeb()
15 SYSTEMPATH/rewrite.php(44): require_once('/home/miaro/Documents/S4/Systeme d\'information/Caisse/public/index.php')
CRITICAL - 2026-06-17 07:42:33 --> CodeIgniter\Database\Exceptions\DatabaseException: NOT NULL constraint failed: achat.caisse_id
[Method: POST, Route: Achat/create]
in SYSTEMPATH/Database/BaseConnection.php on line 863.
 1 SYSTEMPATH/Database/BaseBuilder.php(2343): CodeIgniter\Database\BaseConnection->query()
 2 SYSTEMPATH/Model.php(357): CodeIgniter\Database\BaseBuilder->insert()
 3 SYSTEMPATH/BaseModel.php(899): CodeIgniter\Model->doInsert()
 4 SYSTEMPATH/Model.php(670): CodeIgniter\BaseModel->insert()
 5 APPPATH/Controllers/AchatController.php(35): CodeIgniter\Model->insert()
 6 SYSTEMPATH/CodeIgniter.php(974): App\Controllers\AchatController->create()
 7 SYSTEMPATH/CodeIgniter.php(520): CodeIgniter\CodeIgniter->runController()
 8 SYSTEMPATH/CodeIgniter.php(363): CodeIgniter\CodeIgniter->handleRequest()
 9 SYSTEMPATH/Boot.php(417): CodeIgniter\CodeIgniter->run()
10 SYSTEMPATH/Boot.php(68): CodeIgniter\Boot::runCodeIgniter()
11 FCPATH/index.php(59): CodeIgniter\Boot::bootWeb()
12 SYSTEMPATH/rewrite.php(44): require_once('/home/miaro/Documents/S4/Systeme d\'information/Caisse/public/index.php')
CRITICAL - 2026-06-17 07:42:33 --> [Caused by] CodeIgniter\Database\Exceptions\DatabaseException: NOT NULL constraint failed: achat.caisse_id
in SYSTEMPATH/Database/SQLite3/Connection.php on line 174.
 1 SYSTEMPATH/Database/BaseConnection.php(908): CodeIgniter\Database\SQLite3\Connection->execute()
 2 SYSTEMPATH/Database/BaseConnection.php(825): CodeIgniter\Database\BaseConnection->simpleQuery()
 3 SYSTEMPATH/Database/BaseBuilder.php(2343): CodeIgniter\Database\BaseConnection->query()
 4 SYSTEMPATH/Model.php(357): CodeIgniter\Database\BaseBuilder->insert()
 5 SYSTEMPATH/BaseModel.php(899): CodeIgniter\Model->doInsert()
 6 SYSTEMPATH/Model.php(670): CodeIgniter\BaseModel->insert()
 7 APPPATH/Controllers/AchatController.php(35): CodeIgniter\Model->insert()
 8 SYSTEMPATH/CodeIgniter.php(974): App\Controllers\AchatController->create()
 9 SYSTEMPATH/CodeIgniter.php(520): CodeIgniter\CodeIgniter->runController()
10 SYSTEMPATH/CodeIgniter.php(363): CodeIgniter\CodeIgniter->handleRequest()
11 SYSTEMPATH/Boot.php(417): CodeIgniter\CodeIgniter->run()
12 SYSTEMPATH/Boot.php(68): CodeIgniter\Boot::runCodeIgniter()
13 FCPATH/index.php(59): CodeIgniter\Boot::bootWeb()
14 SYSTEMPATH/rewrite.php(44): require_once('/home/miaro/Documents/S4/Systeme d\'information/Caisse/public/index.php')
CRITICAL - 2026-06-17 07:42:33 --> [Caused by] SQLite3Exception: NOT NULL constraint failed: achat.caisse_id
in SYSTEMPATH/Database/SQLite3/Connection.php on line 163.
 1 SYSTEMPATH/Database/SQLite3/Connection.php(163): SQLite3->exec()
 2 SYSTEMPATH/Database/BaseConnection.php(908): CodeIgniter\Database\SQLite3\Connection->execute()
 3 SYSTEMPATH/Database/BaseConnection.php(825): CodeIgniter\Database\BaseConnection->simpleQuery()
 4 SYSTEMPATH/Database/BaseBuilder.php(2343): CodeIgniter\Database\BaseConnection->query()
 5 SYSTEMPATH/Model.php(357): CodeIgniter\Database\BaseBuilder->insert()
 6 SYSTEMPATH/BaseModel.php(899): CodeIgniter\Model->doInsert()
 7 SYSTEMPATH/Model.php(670): CodeIgniter\BaseModel->insert()
 8 APPPATH/Controllers/AchatController.php(35): CodeIgniter\Model->insert()
 9 SYSTEMPATH/CodeIgniter.php(974): App\Controllers\AchatController->create()
10 SYSTEMPATH/CodeIgniter.php(520): CodeIgniter\CodeIgniter->runController()
11 SYSTEMPATH/CodeIgniter.php(363): CodeIgniter\CodeIgniter->handleRequest()
12 SYSTEMPATH/Boot.php(417): CodeIgniter\CodeIgniter->run()
13 SYSTEMPATH/Boot.php(68): CodeIgniter\Boot::runCodeIgniter()
14 FCPATH/index.php(59): CodeIgniter\Boot::bootWeb()
15 SYSTEMPATH/rewrite.php(44): require_once('/home/miaro/Documents/S4/Systeme d\'information/Caisse/public/index.php')
DEBUG - 2026-06-17 07:42:53 --> Session: Class initialized using 'CodeIgniter\Session\Handlers\FileHandler' driver.
ERROR - 2026-06-17 07:42:53 --> NOT NULL constraint failed: achat.caisse_id
in SYSTEMPATH/Database/SQLite3/Connection.php on line 163.
 1 SYSTEMPATH/Database/SQLite3/Connection.php(163): SQLite3->exec()
 2 SYSTEMPATH/Database/BaseConnection.php(908): CodeIgniter\Database\SQLite3\Connection->execute()
 3 SYSTEMPATH/Database/BaseConnection.php(825): CodeIgniter\Database\BaseConnection->simpleQuery()
 4 SYSTEMPATH/Database/BaseBuilder.php(2343): CodeIgniter\Database\BaseConnection->query()
 5 SYSTEMPATH/Model.php(357): CodeIgniter\Database\BaseBuilder->insert()
 6 SYSTEMPATH/BaseModel.php(899): CodeIgniter\Model->doInsert()
 7 SYSTEMPATH/Model.php(670): CodeIgniter\BaseModel->insert()
 8 APPPATH/Controllers/AchatController.php(35): CodeIgniter\Model->insert()
 9 SYSTEMPATH/CodeIgniter.php(974): App\Controllers\AchatController->create()
10 SYSTEMPATH/CodeIgniter.php(520): CodeIgniter\CodeIgniter->runController()
11 SYSTEMPATH/CodeIgniter.php(363): CodeIgniter\CodeIgniter->handleRequest()
12 SYSTEMPATH/Boot.php(417): CodeIgniter\CodeIgniter->run()
13 SYSTEMPATH/Boot.php(68): CodeIgniter\Boot::runCodeIgniter()
14 FCPATH/index.php(59): CodeIgniter\Boot::bootWeb()
15 SYSTEMPATH/rewrite.php(44): require_once('/home/miaro/Documents/S4/Systeme d\'information/Caisse/public/index.php')
CRITICAL - 2026-06-17 07:42:53 --> CodeIgniter\Database\Exceptions\DatabaseException: NOT NULL constraint failed: achat.caisse_id
[Method: POST, Route: Achat/create]
in SYSTEMPATH/Database/BaseConnection.php on line 863.
 1 SYSTEMPATH/Database/BaseBuilder.php(2343): CodeIgniter\Database\BaseConnection->query()
 2 SYSTEMPATH/Model.php(357): CodeIgniter\Database\BaseBuilder->insert()
 3 SYSTEMPATH/BaseModel.php(899): CodeIgniter\Model->doInsert()
 4 SYSTEMPATH/Model.php(670): CodeIgniter\BaseModel->insert()
 5 APPPATH/Controllers/AchatController.php(35): CodeIgniter\Model->insert()
 6 SYSTEMPATH/CodeIgniter.php(974): App\Controllers\AchatController->create()
 7 SYSTEMPATH/CodeIgniter.php(520): CodeIgniter\CodeIgniter->runController()
 8 SYSTEMPATH/CodeIgniter.php(363): CodeIgniter\CodeIgniter->handleRequest()
 9 SYSTEMPATH/Boot.php(417): CodeIgniter\CodeIgniter->run()
10 SYSTEMPATH/Boot.php(68): CodeIgniter\Boot::runCodeIgniter()
11 FCPATH/index.php(59): CodeIgniter\Boot::bootWeb()
12 SYSTEMPATH/rewrite.php(44): require_once('/home/miaro/Documents/S4/Systeme d\'information/Caisse/public/index.php')
CRITICAL - 2026-06-17 07:42:53 --> [Caused by] CodeIgniter\Database\Exceptions\DatabaseException: NOT NULL constraint failed: achat.caisse_id
in SYSTEMPATH/Database/SQLite3/Connection.php on line 174.
 1 SYSTEMPATH/Database/BaseConnection.php(908): CodeIgniter\Database\SQLite3\Connection->execute()
 2 SYSTEMPATH/Database/BaseConnection.php(825): CodeIgniter\Database\BaseConnection->simpleQuery()
 3 SYSTEMPATH/Database/BaseBuilder.php(2343): CodeIgniter\Database\BaseConnection->query()
 4 SYSTEMPATH/Model.php(357): CodeIgniter\Database\BaseBuilder->insert()
 5 SYSTEMPATH/BaseModel.php(899): CodeIgniter\Model->doInsert()
 6 SYSTEMPATH/Model.php(670): CodeIgniter\BaseModel->insert()
 7 APPPATH/Controllers/AchatController.php(35): CodeIgniter\Model->insert()
 8 SYSTEMPATH/CodeIgniter.php(974): App\Controllers\AchatController->create()
 9 SYSTEMPATH/CodeIgniter.php(520): CodeIgniter\CodeIgniter->runController()
10 SYSTEMPATH/CodeIgniter.php(363): CodeIgniter\CodeIgniter->handleRequest()
11 SYSTEMPATH/Boot.php(417): CodeIgniter\CodeIgniter->run()
12 SYSTEMPATH/Boot.php(68): CodeIgniter\Boot::runCodeIgniter()
13 FCPATH/index.php(59): CodeIgniter\Boot::bootWeb()
14 SYSTEMPATH/rewrite.php(44): require_once('/home/miaro/Documents/S4/Systeme d\'information/Caisse/public/index.php')
CRITICAL - 2026-06-17 07:42:53 --> [Caused by] SQLite3Exception: NOT NULL constraint failed: achat.caisse_id
in SYSTEMPATH/Database/SQLite3/Connection.php on line 163.
 1 SYSTEMPATH/Database/SQLite3/Connection.php(163): SQLite3->exec()
 2 SYSTEMPATH/Database/BaseConnection.php(908): CodeIgniter\Database\SQLite3\Connection->execute()
 3 SYSTEMPATH/Database/BaseConnection.php(825): CodeIgniter\Database\BaseConnection->simpleQuery()
 4 SYSTEMPATH/Database/BaseBuilder.php(2343): CodeIgniter\Database\BaseConnection->query()
 5 SYSTEMPATH/Model.php(357): CodeIgniter\Database\BaseBuilder->insert()
 6 SYSTEMPATH/BaseModel.php(899): CodeIgniter\Model->doInsert()
 7 SYSTEMPATH/Model.php(670): CodeIgniter\BaseModel->insert()
 8 APPPATH/Controllers/AchatController.php(35): CodeIgniter\Model->insert()
 9 SYSTEMPATH/CodeIgniter.php(974): App\Controllers\AchatController->create()
10 SYSTEMPATH/CodeIgniter.php(520): CodeIgniter\CodeIgniter->runController()
11 SYSTEMPATH/CodeIgniter.php(363): CodeIgniter\CodeIgniter->handleRequest()
12 SYSTEMPATH/Boot.php(417): CodeIgniter\CodeIgniter->run()
13 SYSTEMPATH/Boot.php(68): CodeIgniter\Boot::runCodeIgniter()
14 FCPATH/index.php(59): CodeIgniter\Boot::bootWeb()
15 SYSTEMPATH/rewrite.php(44): require_once('/home/miaro/Documents/S4/Systeme d\'information/Caisse/public/index.php')
DEBUG - 2026-06-17 07:43:10 --> Session: Class initialized using 'CodeIgniter\Session\Handlers\FileHandler' driver.
ERROR - 2026-06-17 07:43:10 --> NOT NULL constraint failed: achat.caisse_id
in SYSTEMPATH/Database/SQLite3/Connection.php on line 163.
 1 SYSTEMPATH/Database/SQLite3/Connection.php(163): SQLite3->exec()
 2 SYSTEMPATH/Database/BaseConnection.php(908): CodeIgniter\Database\SQLite3\Connection->execute()
 3 SYSTEMPATH/Database/BaseConnection.php(825): CodeIgniter\Database\BaseConnection->simpleQuery()
 4 SYSTEMPATH/Database/BaseBuilder.php(2343): CodeIgniter\Database\BaseConnection->query()
 5 SYSTEMPATH/Model.php(357): CodeIgniter\Database\BaseBuilder->insert()
 6 SYSTEMPATH/BaseModel.php(899): CodeIgniter\Model->doInsert()
 7 SYSTEMPATH/Model.php(670): CodeIgniter\BaseModel->insert()
 8 APPPATH/Controllers/AchatController.php(35): CodeIgniter\Model->insert()
 9 SYSTEMPATH/CodeIgniter.php(974): App\Controllers\AchatController->create()
10 SYSTEMPATH/CodeIgniter.php(520): CodeIgniter\CodeIgniter->runController()
11 SYSTEMPATH/CodeIgniter.php(363): CodeIgniter\CodeIgniter->handleRequest()
12 SYSTEMPATH/Boot.php(417): CodeIgniter\CodeIgniter->run()
13 SYSTEMPATH/Boot.php(68): CodeIgniter\Boot::runCodeIgniter()
14 FCPATH/index.php(59): CodeIgniter\Boot::bootWeb()
15 SYSTEMPATH/rewrite.php(44): require_once('/home/miaro/Documents/S4/Systeme d\'information/Caisse/public/index.php')
CRITICAL - 2026-06-17 07:43:10 --> CodeIgniter\Database\Exceptions\DatabaseException: NOT NULL constraint failed: achat.caisse_id
[Method: POST, Route: Achat/create]
in SYSTEMPATH/Database/BaseConnection.php on line 863.
 1 SYSTEMPATH/Database/BaseBuilder.php(2343): CodeIgniter\Database\BaseConnection->query()
 2 SYSTEMPATH/Model.php(357): CodeIgniter\Database\BaseBuilder->insert()
 3 SYSTEMPATH/BaseModel.php(899): CodeIgniter\Model->doInsert()
 4 SYSTEMPATH/Model.php(670): CodeIgniter\BaseModel->insert()
 5 APPPATH/Controllers/AchatController.php(35): CodeIgniter\Model->insert()
 6 SYSTEMPATH/CodeIgniter.php(974): App\Controllers\AchatController->create()
 7 SYSTEMPATH/CodeIgniter.php(520): CodeIgniter\CodeIgniter->runController()
 8 SYSTEMPATH/CodeIgniter.php(363): CodeIgniter\CodeIgniter->handleRequest()
 9 SYSTEMPATH/Boot.php(417): CodeIgniter\CodeIgniter->run()
10 SYSTEMPATH/Boot.php(68): CodeIgniter\Boot::runCodeIgniter()
11 FCPATH/index.php(59): CodeIgniter\Boot::bootWeb()
12 SYSTEMPATH/rewrite.php(44): require_once('/home/miaro/Documents/S4/Systeme d\'information/Caisse/public/index.php')
CRITICAL - 2026-06-17 07:43:10 --> [Caused by] CodeIgniter\Database\Exceptions\DatabaseException: NOT NULL constraint failed: achat.caisse_id
in SYSTEMPATH/Database/SQLite3/Connection.php on line 174.
 1 SYSTEMPATH/Database/BaseConnection.php(908): CodeIgniter\Database\SQLite3\Connection->execute()
 2 SYSTEMPATH/Database/BaseConnection.php(825): CodeIgniter\Database\BaseConnection->simpleQuery()
 3 SYSTEMPATH/Database/BaseBuilder.php(2343): CodeIgniter\Database\BaseConnection->query()
 4 SYSTEMPATH/Model.php(357): CodeIgniter\Database\BaseBuilder->insert()
 5 SYSTEMPATH/BaseModel.php(899): CodeIgniter\Model->doInsert()
 6 SYSTEMPATH/Model.php(670): CodeIgniter\BaseModel->insert()
 7 APPPATH/Controllers/AchatController.php(35): CodeIgniter\Model->insert()
 8 SYSTEMPATH/CodeIgniter.php(974): App\Controllers\AchatController->create()
 9 SYSTEMPATH/CodeIgniter.php(520): CodeIgniter\CodeIgniter->runController()
10 SYSTEMPATH/CodeIgniter.php(363): CodeIgniter\CodeIgniter->handleRequest()
11 SYSTEMPATH/Boot.php(417): CodeIgniter\CodeIgniter->run()
12 SYSTEMPATH/Boot.php(68): CodeIgniter\Boot::runCodeIgniter()
13 FCPATH/index.php(59): CodeIgniter\Boot::bootWeb()
14 SYSTEMPATH/rewrite.php(44): require_once('/home/miaro/Documents/S4/Systeme d\'information/Caisse/public/index.php')
CRITICAL - 2026-06-17 07:43:10 --> [Caused by] SQLite3Exception: NOT NULL constraint failed: achat.caisse_id
in SYSTEMPATH/Database/SQLite3/Connection.php on line 163.
 1 SYSTEMPATH/Database/SQLite3/Connection.php(163): SQLite3->exec()
 2 SYSTEMPATH/Database/BaseConnection.php(908): CodeIgniter\Database\SQLite3\Connection->execute()
 3 SYSTEMPATH/Database/BaseConnection.php(825): CodeIgniter\Database\BaseConnection->simpleQuery()
 4 SYSTEMPATH/Database/BaseBuilder.php(2343): CodeIgniter\Database\BaseConnection->query()
 5 SYSTEMPATH/Model.php(357): CodeIgniter\Database\BaseBuilder->insert()
 6 SYSTEMPATH/BaseModel.php(899): CodeIgniter\Model->doInsert()
 7 SYSTEMPATH/Model.php(670): CodeIgniter\BaseModel->insert()
 8 APPPATH/Controllers/AchatController.php(35): CodeIgniter\Model->insert()
 9 SYSTEMPATH/CodeIgniter.php(974): App\Controllers\AchatController->create()
10 SYSTEMPATH/CodeIgniter.php(520): CodeIgniter\CodeIgniter->runController()
11 SYSTEMPATH/CodeIgniter.php(363): CodeIgniter\CodeIgniter->handleRequest()
12 SYSTEMPATH/Boot.php(417): CodeIgniter\CodeIgniter->run()
13 SYSTEMPATH/Boot.php(68): CodeIgniter\Boot::runCodeIgniter()
14 FCPATH/index.php(59): CodeIgniter\Boot::bootWeb()
15 SYSTEMPATH/rewrite.php(44): require_once('/home/miaro/Documents/S4/Systeme d\'information/Caisse/public/index.php')
DEBUG - 2026-06-17 07:56:27 --> Session: Class initialized using 'CodeIgniter\Session\Handlers\FileHandler' driver.
DEBUG - 2026-06-17 08:08:15 --> Session: Class initialized using 'CodeIgniter\Session\Handlers\FileHandler' driver.
CRITICAL - 2026-06-17 08:08:15 --> CodeIgniter\View\Exceptions\ViewException: Invalid file: "Achat/Index.php"
[Method: GET, Route: Achat]
in SYSTEMPATH/Exceptions/FrameworkException.php on line 39.
 1 SYSTEMPATH/View/View.php(228): CodeIgniter\Exceptions\FrameworkException::forInvalidFile()
 2 SYSTEMPATH/Common.php(1254): CodeIgniter\View\View->render()
 3 APPPATH/Controllers/AchatController.php(36): view()
 4 SYSTEMPATH/CodeIgniter.php(974): App\Controllers\AchatController->index()
 5 SYSTEMPATH/CodeIgniter.php(520): CodeIgniter\CodeIgniter->runController()
 6 SYSTEMPATH/CodeIgniter.php(363): CodeIgniter\CodeIgniter->handleRequest()
 7 SYSTEMPATH/Boot.php(417): CodeIgniter\CodeIgniter->run()
 8 SYSTEMPATH/Boot.php(68): CodeIgniter\Boot::runCodeIgniter()
 9 FCPATH/index.php(59): CodeIgniter\Boot::bootWeb()
10 SYSTEMPATH/rewrite.php(44): require_once('/home/ranto/S4/Mr Rojo/Caisse/public/index.php')
DEBUG - 2026-06-17 08:08:17 --> Session: Class initialized using 'CodeIgniter\Session\Handlers\FileHandler' driver.
CRITICAL - 2026-06-17 08:08:17 --> CodeIgniter\View\Exceptions\ViewException: Invalid file: "Achat/Index.php"
[Method: GET, Route: Achat]
in SYSTEMPATH/Exceptions/FrameworkException.php on line 39.
 1 SYSTEMPATH/View/View.php(228): CodeIgniter\Exceptions\FrameworkException::forInvalidFile()
 2 SYSTEMPATH/Common.php(1254): CodeIgniter\View\View->render()
 3 APPPATH/Controllers/AchatController.php(36): view()
 4 SYSTEMPATH/CodeIgniter.php(974): App\Controllers\AchatController->index()
 5 SYSTEMPATH/CodeIgniter.php(520): CodeIgniter\CodeIgniter->runController()
 6 SYSTEMPATH/CodeIgniter.php(363): CodeIgniter\CodeIgniter->handleRequest()
 7 SYSTEMPATH/Boot.php(417): CodeIgniter\CodeIgniter->run()
 8 SYSTEMPATH/Boot.php(68): CodeIgniter\Boot::runCodeIgniter()
 9 FCPATH/index.php(59): CodeIgniter\Boot::bootWeb()
10 SYSTEMPATH/rewrite.php(44): require_once('/home/ranto/S4/Mr Rojo/Caisse/public/index.php')
DEBUG - 2026-06-17 08:08:55 --> Session: Class initialized using 'CodeIgniter\Session\Handlers\FileHandler' driver.
CRITICAL - 2026-06-17 08:08:55 --> ErrorException: Undefined array key "numero"
[Method: GET, Route: Achat]
in APPPATH/Views/Achat/SaisieAchat.php on line 14.
 1 APPPATH/Views/Achat/SaisieAchat.php(14): CodeIgniter\Debug\Exceptions->errorHandler()
 2 SYSTEMPATH/View/View.php(240): include('/home/ranto/S4/Mr Rojo/Caisse/app/Views/Achat/SaisieAchat.php')
 3 SYSTEMPATH/View/View.php(243): CodeIgniter\View\View->{closure:CodeIgniter\View\View::render():237}()
 4 SYSTEMPATH/Common.php(1254): CodeIgniter\View\View->render()
 5 APPPATH/Controllers/AchatController.php(36): view()
 6 SYSTEMPATH/CodeIgniter.php(974): App\Controllers\AchatController->index()
 7 SYSTEMPATH/CodeIgniter.php(520): CodeIgniter\CodeIgniter->runController()
 8 SYSTEMPATH/CodeIgniter.php(363): CodeIgniter\CodeIgniter->handleRequest()
 9 SYSTEMPATH/Boot.php(417): CodeIgniter\CodeIgniter->run()
10 SYSTEMPATH/Boot.php(68): CodeIgniter\Boot::runCodeIgniter()
11 FCPATH/index.php(59): CodeIgniter\Boot::bootWeb()
12 SYSTEMPATH/rewrite.php(44): require_once('/home/ranto/S4/Mr Rojo/Caisse/public/index.php')
DEBUG - 2026-06-17 08:10:40 --> Session: Class initialized using 'CodeIgniter\Session\Handlers\FileHandler' driver.
CRITICAL - 2026-06-17 08:10:40 --> ErrorException: Undefined array key "numero"
[Method: GET, Route: Achat]
in APPPATH/Views/Achat/SaisieAchat.php on line 14.
 1 APPPATH/Views/Achat/SaisieAchat.php(14): CodeIgniter\Debug\Exceptions->errorHandler()
 2 SYSTEMPATH/View/View.php(240): include('/home/ranto/S4/Mr Rojo/Caisse/app/Views/Achat/SaisieAchat.php')
 3 SYSTEMPATH/View/View.php(243): CodeIgniter\View\View->{closure:CodeIgniter\View\View::render():237}()
 4 SYSTEMPATH/Common.php(1254): CodeIgniter\View\View->render()
 5 APPPATH/Controllers/AchatController.php(36): view()
 6 SYSTEMPATH/CodeIgniter.php(974): App\Controllers\AchatController->index()
 7 SYSTEMPATH/CodeIgniter.php(520): CodeIgniter\CodeIgniter->runController()
 8 SYSTEMPATH/CodeIgniter.php(363): CodeIgniter\CodeIgniter->handleRequest()
 9 SYSTEMPATH/Boot.php(417): CodeIgniter\CodeIgniter->run()
10 SYSTEMPATH/Boot.php(68): CodeIgniter\Boot::runCodeIgniter()
11 FCPATH/index.php(59): CodeIgniter\Boot::bootWeb()
12 SYSTEMPATH/rewrite.php(44): require_once('/home/ranto/S4/Mr Rojo/Caisse/public/index.php')
DEBUG - 2026-06-17 08:23:55 --> Session: Class initialized using 'CodeIgniter\Session\Handlers\FileHandler' driver.
DEBUG - 2026-06-17 08:23:59 --> Session: Class initialized using 'CodeIgniter\Session\Handlers\FileHandler' driver.
DEBUG - 2026-06-17 08:24:33 --> Session: Class initialized using 'CodeIgniter\Session\Handlers\FileHandler' driver.
DEBUG - 2026-06-17 08:24:35 --> Session: Class initialized using 'CodeIgniter\Session\Handlers\FileHandler' driver.
DEBUG - 2026-06-17 08:24:49 --> Session: Class initialized using 'CodeIgniter\Session\Handlers\FileHandler' driver.
DEBUG - 2026-06-17 08:24:55 --> Session: Class initialized using 'CodeIgniter\Session\Handlers\FileHandler' driver.
DEBUG - 2026-06-17 08:26:02 --> Session: Class initialized using 'CodeIgniter\Session\Handlers\FileHandler' driver.
DEBUG - 2026-06-17 08:26:07 --> Session: Class initialized using 'CodeIgniter\Session\Handlers\FileHandler' driver.
ERROR - 2026-06-17 08:26:07 --> NOT NULL constraint failed: achat.user_id
in SYSTEMPATH/Database/SQLite3/Connection.php on line 163.
 1 SYSTEMPATH/Database/SQLite3/Connection.php(163): SQLite3->exec()
 2 SYSTEMPATH/Database/BaseConnection.php(908): CodeIgniter\Database\SQLite3\Connection->execute()
 3 SYSTEMPATH/Database/BaseConnection.php(825): CodeIgniter\Database\BaseConnection->simpleQuery()
 4 SYSTEMPATH/Database/BaseBuilder.php(2343): CodeIgniter\Database\BaseConnection->query()
 5 SYSTEMPATH/Model.php(357): CodeIgniter\Database\BaseBuilder->insert()
 6 SYSTEMPATH/BaseModel.php(899): CodeIgniter\Model->doInsert()
 7 SYSTEMPATH/Model.php(670): CodeIgniter\BaseModel->insert()
 8 APPPATH/Controllers/AchatController.php(46): CodeIgniter\Model->insert()
 9 SYSTEMPATH/CodeIgniter.php(974): App\Controllers\AchatController->create()
10 SYSTEMPATH/CodeIgniter.php(520): CodeIgniter\CodeIgniter->runController()
11 SYSTEMPATH/CodeIgniter.php(363): CodeIgniter\CodeIgniter->handleRequest()
12 SYSTEMPATH/Boot.php(417): CodeIgniter\CodeIgniter->run()
13 SYSTEMPATH/Boot.php(68): CodeIgniter\Boot::runCodeIgniter()
14 FCPATH/index.php(59): CodeIgniter\Boot::bootWeb()
15 SYSTEMPATH/rewrite.php(44): require_once('/home/ranto/S4/Mr Rojo/Caisse/public/index.php')
CRITICAL - 2026-06-17 08:26:07 --> CodeIgniter\Database\Exceptions\DatabaseException: NOT NULL constraint failed: achat.user_id
[Method: POST, Route: achat/create]
in SYSTEMPATH/Database/BaseConnection.php on line 863.
 1 SYSTEMPATH/Database/BaseBuilder.php(2343): CodeIgniter\Database\BaseConnection->query()
 2 SYSTEMPATH/Model.php(357): CodeIgniter\Database\BaseBuilder->insert()
 3 SYSTEMPATH/BaseModel.php(899): CodeIgniter\Model->doInsert()
 4 SYSTEMPATH/Model.php(670): CodeIgniter\BaseModel->insert()
 5 APPPATH/Controllers/AchatController.php(46): CodeIgniter\Model->insert()
 6 SYSTEMPATH/CodeIgniter.php(974): App\Controllers\AchatController->create()
 7 SYSTEMPATH/CodeIgniter.php(520): CodeIgniter\CodeIgniter->runController()
 8 SYSTEMPATH/CodeIgniter.php(363): CodeIgniter\CodeIgniter->handleRequest()
 9 SYSTEMPATH/Boot.php(417): CodeIgniter\CodeIgniter->run()
10 SYSTEMPATH/Boot.php(68): CodeIgniter\Boot::runCodeIgniter()
11 FCPATH/index.php(59): CodeIgniter\Boot::bootWeb()
12 SYSTEMPATH/rewrite.php(44): require_once('/home/ranto/S4/Mr Rojo/Caisse/public/index.php')
CRITICAL - 2026-06-17 08:26:07 --> [Caused by] CodeIgniter\Database\Exceptions\DatabaseException: NOT NULL constraint failed: achat.user_id
in SYSTEMPATH/Database/SQLite3/Connection.php on line 174.
 1 SYSTEMPATH/Database/BaseConnection.php(908): CodeIgniter\Database\SQLite3\Connection->execute()
 2 SYSTEMPATH/Database/BaseConnection.php(825): CodeIgniter\Database\BaseConnection->simpleQuery()
 3 SYSTEMPATH/Database/BaseBuilder.php(2343): CodeIgniter\Database\BaseConnection->query()
 4 SYSTEMPATH/Model.php(357): CodeIgniter\Database\BaseBuilder->insert()
 5 SYSTEMPATH/BaseModel.php(899): CodeIgniter\Model->doInsert()
 6 SYSTEMPATH/Model.php(670): CodeIgniter\BaseModel->insert()
 7 APPPATH/Controllers/AchatController.php(46): CodeIgniter\Model->insert()
 8 SYSTEMPATH/CodeIgniter.php(974): App\Controllers\AchatController->create()
 9 SYSTEMPATH/CodeIgniter.php(520): CodeIgniter\CodeIgniter->runController()
10 SYSTEMPATH/CodeIgniter.php(363): CodeIgniter\CodeIgniter->handleRequest()
11 SYSTEMPATH/Boot.php(417): CodeIgniter\CodeIgniter->run()
12 SYSTEMPATH/Boot.php(68): CodeIgniter\Boot::runCodeIgniter()
13 FCPATH/index.php(59): CodeIgniter\Boot::bootWeb()
14 SYSTEMPATH/rewrite.php(44): require_once('/home/ranto/S4/Mr Rojo/Caisse/public/index.php')
CRITICAL - 2026-06-17 08:26:07 --> [Caused by] SQLite3Exception: NOT NULL constraint failed: achat.user_id
in SYSTEMPATH/Database/SQLite3/Connection.php on line 163.
 1 SYSTEMPATH/Database/SQLite3/Connection.php(163): SQLite3->exec()
 2 SYSTEMPATH/Database/BaseConnection.php(908): CodeIgniter\Database\SQLite3\Connection->execute()
 3 SYSTEMPATH/Database/BaseConnection.php(825): CodeIgniter\Database\BaseConnection->simpleQuery()
 4 SYSTEMPATH/Database/BaseBuilder.php(2343): CodeIgniter\Database\BaseConnection->query()
 5 SYSTEMPATH/Model.php(357): CodeIgniter\Database\BaseBuilder->insert()
 6 SYSTEMPATH/BaseModel.php(899): CodeIgniter\Model->doInsert()
 7 SYSTEMPATH/Model.php(670): CodeIgniter\BaseModel->insert()
 8 APPPATH/Controllers/AchatController.php(46): CodeIgniter\Model->insert()
 9 SYSTEMPATH/CodeIgniter.php(974): App\Controllers\AchatController->create()
10 SYSTEMPATH/CodeIgniter.php(520): CodeIgniter\CodeIgniter->runController()
11 SYSTEMPATH/CodeIgniter.php(363): CodeIgniter\CodeIgniter->handleRequest()
12 SYSTEMPATH/Boot.php(417): CodeIgniter\CodeIgniter->run()
13 SYSTEMPATH/Boot.php(68): CodeIgniter\Boot::runCodeIgniter()
14 FCPATH/index.php(59): CodeIgniter\Boot::bootWeb()
15 SYSTEMPATH/rewrite.php(44): require_once('/home/ranto/S4/Mr Rojo/Caisse/public/index.php')
DEBUG - 2026-06-17 08:26:32 --> Session: Class initialized using 'CodeIgniter\Session\Handlers\FileHandler' driver.
ERROR - 2026-06-17 08:26:32 --> NOT NULL constraint failed: achat.user_id
in SYSTEMPATH/Database/SQLite3/Connection.php on line 163.
 1 SYSTEMPATH/Database/SQLite3/Connection.php(163): SQLite3->exec()
 2 SYSTEMPATH/Database/BaseConnection.php(908): CodeIgniter\Database\SQLite3\Connection->execute()
 3 SYSTEMPATH/Database/BaseConnection.php(825): CodeIgniter\Database\BaseConnection->simpleQuery()
 4 SYSTEMPATH/Database/BaseBuilder.php(2343): CodeIgniter\Database\BaseConnection->query()
 5 SYSTEMPATH/Model.php(357): CodeIgniter\Database\BaseBuilder->insert()
 6 SYSTEMPATH/BaseModel.php(899): CodeIgniter\Model->doInsert()
 7 SYSTEMPATH/Model.php(670): CodeIgniter\BaseModel->insert()
 8 APPPATH/Controllers/AchatController.php(46): CodeIgniter\Model->insert()
 9 SYSTEMPATH/CodeIgniter.php(974): App\Controllers\AchatController->create()
10 SYSTEMPATH/CodeIgniter.php(520): CodeIgniter\CodeIgniter->runController()
11 SYSTEMPATH/CodeIgniter.php(363): CodeIgniter\CodeIgniter->handleRequest()
12 SYSTEMPATH/Boot.php(417): CodeIgniter\CodeIgniter->run()
13 SYSTEMPATH/Boot.php(68): CodeIgniter\Boot::runCodeIgniter()
14 FCPATH/index.php(59): CodeIgniter\Boot::bootWeb()
15 SYSTEMPATH/rewrite.php(44): require_once('/home/ranto/S4/Mr Rojo/Caisse/public/index.php')
CRITICAL - 2026-06-17 08:26:32 --> CodeIgniter\Database\Exceptions\DatabaseException: NOT NULL constraint failed: achat.user_id
[Method: POST, Route: achat/create]
in SYSTEMPATH/Database/BaseConnection.php on line 863.
 1 SYSTEMPATH/Database/BaseBuilder.php(2343): CodeIgniter\Database\BaseConnection->query()
 2 SYSTEMPATH/Model.php(357): CodeIgniter\Database\BaseBuilder->insert()
 3 SYSTEMPATH/BaseModel.php(899): CodeIgniter\Model->doInsert()
 4 SYSTEMPATH/Model.php(670): CodeIgniter\BaseModel->insert()
 5 APPPATH/Controllers/AchatController.php(46): CodeIgniter\Model->insert()
 6 SYSTEMPATH/CodeIgniter.php(974): App\Controllers\AchatController->create()
 7 SYSTEMPATH/CodeIgniter.php(520): CodeIgniter\CodeIgniter->runController()
 8 SYSTEMPATH/CodeIgniter.php(363): CodeIgniter\CodeIgniter->handleRequest()
 9 SYSTEMPATH/Boot.php(417): CodeIgniter\CodeIgniter->run()
10 SYSTEMPATH/Boot.php(68): CodeIgniter\Boot::runCodeIgniter()
11 FCPATH/index.php(59): CodeIgniter\Boot::bootWeb()
12 SYSTEMPATH/rewrite.php(44): require_once('/home/ranto/S4/Mr Rojo/Caisse/public/index.php')
CRITICAL - 2026-06-17 08:26:32 --> [Caused by] CodeIgniter\Database\Exceptions\DatabaseException: NOT NULL constraint failed: achat.user_id
in SYSTEMPATH/Database/SQLite3/Connection.php on line 174.
 1 SYSTEMPATH/Database/BaseConnection.php(908): CodeIgniter\Database\SQLite3\Connection->execute()
 2 SYSTEMPATH/Database/BaseConnection.php(825): CodeIgniter\Database\BaseConnection->simpleQuery()
 3 SYSTEMPATH/Database/BaseBuilder.php(2343): CodeIgniter\Database\BaseConnection->query()
 4 SYSTEMPATH/Model.php(357): CodeIgniter\Database\BaseBuilder->insert()
 5 SYSTEMPATH/BaseModel.php(899): CodeIgniter\Model->doInsert()
 6 SYSTEMPATH/Model.php(670): CodeIgniter\BaseModel->insert()
 7 APPPATH/Controllers/AchatController.php(46): CodeIgniter\Model->insert()
 8 SYSTEMPATH/CodeIgniter.php(974): App\Controllers\AchatController->create()
 9 SYSTEMPATH/CodeIgniter.php(520): CodeIgniter\CodeIgniter->runController()
10 SYSTEMPATH/CodeIgniter.php(363): CodeIgniter\CodeIgniter->handleRequest()
11 SYSTEMPATH/Boot.php(417): CodeIgniter\CodeIgniter->run()
12 SYSTEMPATH/Boot.php(68): CodeIgniter\Boot::runCodeIgniter()
13 FCPATH/index.php(59): CodeIgniter\Boot::bootWeb()
14 SYSTEMPATH/rewrite.php(44): require_once('/home/ranto/S4/Mr Rojo/Caisse/public/index.php')
CRITICAL - 2026-06-17 08:26:32 --> [Caused by] SQLite3Exception: NOT NULL constraint failed: achat.user_id
in SYSTEMPATH/Database/SQLite3/Connection.php on line 163.
 1 SYSTEMPATH/Database/SQLite3/Connection.php(163): SQLite3->exec()
 2 SYSTEMPATH/Database/BaseConnection.php(908): CodeIgniter\Database\SQLite3\Connection->execute()
 3 SYSTEMPATH/Database/BaseConnection.php(825): CodeIgniter\Database\BaseConnection->simpleQuery()
 4 SYSTEMPATH/Database/BaseBuilder.php(2343): CodeIgniter\Database\BaseConnection->query()
 5 SYSTEMPATH/Model.php(357): CodeIgniter\Database\BaseBuilder->insert()
 6 SYSTEMPATH/BaseModel.php(899): CodeIgniter\Model->doInsert()
 7 SYSTEMPATH/Model.php(670): CodeIgniter\BaseModel->insert()
 8 APPPATH/Controllers/AchatController.php(46): CodeIgniter\Model->insert()
 9 SYSTEMPATH/CodeIgniter.php(974): App\Controllers\AchatController->create()
10 SYSTEMPATH/CodeIgniter.php(520): CodeIgniter\CodeIgniter->runController()
11 SYSTEMPATH/CodeIgniter.php(363): CodeIgniter\CodeIgniter->handleRequest()
12 SYSTEMPATH/Boot.php(417): CodeIgniter\CodeIgniter->run()
13 SYSTEMPATH/Boot.php(68): CodeIgniter\Boot::runCodeIgniter()
14 FCPATH/index.php(59): CodeIgniter\Boot::bootWeb()
15 SYSTEMPATH/rewrite.php(44): require_once('/home/ranto/S4/Mr Rojo/Caisse/public/index.php')
DEBUG - 2026-06-17 08:26:34 --> Session: Class initialized using 'CodeIgniter\Session\Handlers\FileHandler' driver.
DEBUG - 2026-06-17 08:26:35 --> Session: Class initialized using 'CodeIgniter\Session\Handlers\FileHandler' driver.
ERROR - 2026-06-17 08:26:35 --> NOT NULL constraint failed: achat.user_id
in SYSTEMPATH/Database/SQLite3/Connection.php on line 163.
 1 SYSTEMPATH/Database/SQLite3/Connection.php(163): SQLite3->exec()
 2 SYSTEMPATH/Database/BaseConnection.php(908): CodeIgniter\Database\SQLite3\Connection->execute()
 3 SYSTEMPATH/Database/BaseConnection.php(825): CodeIgniter\Database\BaseConnection->simpleQuery()
 4 SYSTEMPATH/Database/BaseBuilder.php(2343): CodeIgniter\Database\BaseConnection->query()
 5 SYSTEMPATH/Model.php(357): CodeIgniter\Database\BaseBuilder->insert()
 6 SYSTEMPATH/BaseModel.php(899): CodeIgniter\Model->doInsert()
 7 SYSTEMPATH/Model.php(670): CodeIgniter\BaseModel->insert()
 8 APPPATH/Controllers/AchatController.php(46): CodeIgniter\Model->insert()
 9 SYSTEMPATH/CodeIgniter.php(974): App\Controllers\AchatController->create()
10 SYSTEMPATH/CodeIgniter.php(520): CodeIgniter\CodeIgniter->runController()
11 SYSTEMPATH/CodeIgniter.php(363): CodeIgniter\CodeIgniter->handleRequest()
12 SYSTEMPATH/Boot.php(417): CodeIgniter\CodeIgniter->run()
13 SYSTEMPATH/Boot.php(68): CodeIgniter\Boot::runCodeIgniter()
14 FCPATH/index.php(59): CodeIgniter\Boot::bootWeb()
15 SYSTEMPATH/rewrite.php(44): require_once('/home/ranto/S4/Mr Rojo/Caisse/public/index.php')
CRITICAL - 2026-06-17 08:26:35 --> CodeIgniter\Database\Exceptions\DatabaseException: NOT NULL constraint failed: achat.user_id
[Method: POST, Route: achat/create]
in SYSTEMPATH/Database/BaseConnection.php on line 863.
 1 SYSTEMPATH/Database/BaseBuilder.php(2343): CodeIgniter\Database\BaseConnection->query()
 2 SYSTEMPATH/Model.php(357): CodeIgniter\Database\BaseBuilder->insert()
 3 SYSTEMPATH/BaseModel.php(899): CodeIgniter\Model->doInsert()
 4 SYSTEMPATH/Model.php(670): CodeIgniter\BaseModel->insert()
 5 APPPATH/Controllers/AchatController.php(46): CodeIgniter\Model->insert()
 6 SYSTEMPATH/CodeIgniter.php(974): App\Controllers\AchatController->create()
 7 SYSTEMPATH/CodeIgniter.php(520): CodeIgniter\CodeIgniter->runController()
 8 SYSTEMPATH/CodeIgniter.php(363): CodeIgniter\CodeIgniter->handleRequest()
 9 SYSTEMPATH/Boot.php(417): CodeIgniter\CodeIgniter->run()
10 SYSTEMPATH/Boot.php(68): CodeIgniter\Boot::runCodeIgniter()
11 FCPATH/index.php(59): CodeIgniter\Boot::bootWeb()
12 SYSTEMPATH/rewrite.php(44): require_once('/home/ranto/S4/Mr Rojo/Caisse/public/index.php')
CRITICAL - 2026-06-17 08:26:35 --> [Caused by] CodeIgniter\Database\Exceptions\DatabaseException: NOT NULL constraint failed: achat.user_id
in SYSTEMPATH/Database/SQLite3/Connection.php on line 174.
 1 SYSTEMPATH/Database/BaseConnection.php(908): CodeIgniter\Database\SQLite3\Connection->execute()
 2 SYSTEMPATH/Database/BaseConnection.php(825): CodeIgniter\Database\BaseConnection->simpleQuery()
 3 SYSTEMPATH/Database/BaseBuilder.php(2343): CodeIgniter\Database\BaseConnection->query()
 4 SYSTEMPATH/Model.php(357): CodeIgniter\Database\BaseBuilder->insert()
 5 SYSTEMPATH/BaseModel.php(899): CodeIgniter\Model->doInsert()
 6 SYSTEMPATH/Model.php(670): CodeIgniter\BaseModel->insert()
 7 APPPATH/Controllers/AchatController.php(46): CodeIgniter\Model->insert()
 8 SYSTEMPATH/CodeIgniter.php(974): App\Controllers\AchatController->create()
 9 SYSTEMPATH/CodeIgniter.php(520): CodeIgniter\CodeIgniter->runController()
10 SYSTEMPATH/CodeIgniter.php(363): CodeIgniter\CodeIgniter->handleRequest()
11 SYSTEMPATH/Boot.php(417): CodeIgniter\CodeIgniter->run()
12 SYSTEMPATH/Boot.php(68): CodeIgniter\Boot::runCodeIgniter()
13 FCPATH/index.php(59): CodeIgniter\Boot::bootWeb()
14 SYSTEMPATH/rewrite.php(44): require_once('/home/ranto/S4/Mr Rojo/Caisse/public/index.php')
CRITICAL - 2026-06-17 08:26:35 --> [Caused by] SQLite3Exception: NOT NULL constraint failed: achat.user_id
in SYSTEMPATH/Database/SQLite3/Connection.php on line 163.
 1 SYSTEMPATH/Database/SQLite3/Connection.php(163): SQLite3->exec()
 2 SYSTEMPATH/Database/BaseConnection.php(908): CodeIgniter\Database\SQLite3\Connection->execute()
 3 SYSTEMPATH/Database/BaseConnection.php(825): CodeIgniter\Database\BaseConnection->simpleQuery()
 4 SYSTEMPATH/Database/BaseBuilder.php(2343): CodeIgniter\Database\BaseConnection->query()
 5 SYSTEMPATH/Model.php(357): CodeIgniter\Database\BaseBuilder->insert()
 6 SYSTEMPATH/BaseModel.php(899): CodeIgniter\Model->doInsert()
 7 SYSTEMPATH/Model.php(670): CodeIgniter\BaseModel->insert()
 8 APPPATH/Controllers/AchatController.php(46): CodeIgniter\Model->insert()
 9 SYSTEMPATH/CodeIgniter.php(974): App\Controllers\AchatController->create()
10 SYSTEMPATH/CodeIgniter.php(520): CodeIgniter\CodeIgniter->runController()
11 SYSTEMPATH/CodeIgniter.php(363): CodeIgniter\CodeIgniter->handleRequest()
12 SYSTEMPATH/Boot.php(417): CodeIgniter\CodeIgniter->run()
13 SYSTEMPATH/Boot.php(68): CodeIgniter\Boot::runCodeIgniter()
14 FCPATH/index.php(59): CodeIgniter\Boot::bootWeb()
15 SYSTEMPATH/rewrite.php(44): require_once('/home/ranto/S4/Mr Rojo/Caisse/public/index.php')
DEBUG - 2026-06-17 08:30:24 --> Session: Class initialized using 'CodeIgniter\Session\Handlers\FileHandler' driver.
ERROR - 2026-06-17 08:30:24 --> NOT NULL constraint failed: achat.user_id
in SYSTEMPATH/Database/SQLite3/Connection.php on line 163.
 1 SYSTEMPATH/Database/SQLite3/Connection.php(163): SQLite3->exec()
 2 SYSTEMPATH/Database/BaseConnection.php(908): CodeIgniter\Database\SQLite3\Connection->execute()
 3 SYSTEMPATH/Database/BaseConnection.php(825): CodeIgniter\Database\BaseConnection->simpleQuery()
 4 SYSTEMPATH/Database/BaseBuilder.php(2343): CodeIgniter\Database\BaseConnection->query()
 5 SYSTEMPATH/Model.php(357): CodeIgniter\Database\BaseBuilder->insert()
 6 SYSTEMPATH/BaseModel.php(899): CodeIgniter\Model->doInsert()
 7 SYSTEMPATH/Model.php(670): CodeIgniter\BaseModel->insert()
 8 APPPATH/Controllers/AchatController.php(46): CodeIgniter\Model->insert()
 9 SYSTEMPATH/CodeIgniter.php(974): App\Controllers\AchatController->create()
10 SYSTEMPATH/CodeIgniter.php(520): CodeIgniter\CodeIgniter->runController()
11 SYSTEMPATH/CodeIgniter.php(363): CodeIgniter\CodeIgniter->handleRequest()
12 SYSTEMPATH/Boot.php(417): CodeIgniter\CodeIgniter->run()
13 SYSTEMPATH/Boot.php(68): CodeIgniter\Boot::runCodeIgniter()
14 FCPATH/index.php(59): CodeIgniter\Boot::bootWeb()
15 SYSTEMPATH/rewrite.php(44): require_once('/home/ranto/S4/Mr Rojo/Caisse/public/index.php')
CRITICAL - 2026-06-17 08:30:24 --> CodeIgniter\Database\Exceptions\DatabaseException: NOT NULL constraint failed: achat.user_id
[Method: POST, Route: achat/create]
in SYSTEMPATH/Database/BaseConnection.php on line 863.
 1 SYSTEMPATH/Database/BaseBuilder.php(2343): CodeIgniter\Database\BaseConnection->query()
 2 SYSTEMPATH/Model.php(357): CodeIgniter\Database\BaseBuilder->insert()
 3 SYSTEMPATH/BaseModel.php(899): CodeIgniter\Model->doInsert()
 4 SYSTEMPATH/Model.php(670): CodeIgniter\BaseModel->insert()
 5 APPPATH/Controllers/AchatController.php(46): CodeIgniter\Model->insert()
 6 SYSTEMPATH/CodeIgniter.php(974): App\Controllers\AchatController->create()
 7 SYSTEMPATH/CodeIgniter.php(520): CodeIgniter\CodeIgniter->runController()
 8 SYSTEMPATH/CodeIgniter.php(363): CodeIgniter\CodeIgniter->handleRequest()
 9 SYSTEMPATH/Boot.php(417): CodeIgniter\CodeIgniter->run()
10 SYSTEMPATH/Boot.php(68): CodeIgniter\Boot::runCodeIgniter()
11 FCPATH/index.php(59): CodeIgniter\Boot::bootWeb()
12 SYSTEMPATH/rewrite.php(44): require_once('/home/ranto/S4/Mr Rojo/Caisse/public/index.php')
CRITICAL - 2026-06-17 08:30:24 --> [Caused by] CodeIgniter\Database\Exceptions\DatabaseException: NOT NULL constraint failed: achat.user_id
in SYSTEMPATH/Database/SQLite3/Connection.php on line 174.
 1 SYSTEMPATH/Database/BaseConnection.php(908): CodeIgniter\Database\SQLite3\Connection->execute()
 2 SYSTEMPATH/Database/BaseConnection.php(825): CodeIgniter\Database\BaseConnection->simpleQuery()
 3 SYSTEMPATH/Database/BaseBuilder.php(2343): CodeIgniter\Database\BaseConnection->query()
 4 SYSTEMPATH/Model.php(357): CodeIgniter\Database\BaseBuilder->insert()
 5 SYSTEMPATH/BaseModel.php(899): CodeIgniter\Model->doInsert()
 6 SYSTEMPATH/Model.php(670): CodeIgniter\BaseModel->insert()
 7 APPPATH/Controllers/AchatController.php(46): CodeIgniter\Model->insert()
 8 SYSTEMPATH/CodeIgniter.php(974): App\Controllers\AchatController->create()
 9 SYSTEMPATH/CodeIgniter.php(520): CodeIgniter\CodeIgniter->runController()
10 SYSTEMPATH/CodeIgniter.php(363): CodeIgniter\CodeIgniter->handleRequest()
11 SYSTEMPATH/Boot.php(417): CodeIgniter\CodeIgniter->run()
12 SYSTEMPATH/Boot.php(68): CodeIgniter\Boot::runCodeIgniter()
13 FCPATH/index.php(59): CodeIgniter\Boot::bootWeb()
14 SYSTEMPATH/rewrite.php(44): require_once('/home/ranto/S4/Mr Rojo/Caisse/public/index.php')
CRITICAL - 2026-06-17 08:30:24 --> [Caused by] SQLite3Exception: NOT NULL constraint failed: achat.user_id
in SYSTEMPATH/Database/SQLite3/Connection.php on line 163.
 1 SYSTEMPATH/Database/SQLite3/Connection.php(163): SQLite3->exec()
 2 SYSTEMPATH/Database/BaseConnection.php(908): CodeIgniter\Database\SQLite3\Connection->execute()
 3 SYSTEMPATH/Database/BaseConnection.php(825): CodeIgniter\Database\BaseConnection->simpleQuery()
 4 SYSTEMPATH/Database/BaseBuilder.php(2343): CodeIgniter\Database\BaseConnection->query()
 5 SYSTEMPATH/Model.php(357): CodeIgniter\Database\BaseBuilder->insert()
 6 SYSTEMPATH/BaseModel.php(899): CodeIgniter\Model->doInsert()
 7 SYSTEMPATH/Model.php(670): CodeIgniter\BaseModel->insert()
 8 APPPATH/Controllers/AchatController.php(46): CodeIgniter\Model->insert()
 9 SYSTEMPATH/CodeIgniter.php(974): App\Controllers\AchatController->create()
10 SYSTEMPATH/CodeIgniter.php(520): CodeIgniter\CodeIgniter->runController()
11 SYSTEMPATH/CodeIgniter.php(363): CodeIgniter\CodeIgniter->handleRequest()
12 SYSTEMPATH/Boot.php(417): CodeIgniter\CodeIgniter->run()
13 SYSTEMPATH/Boot.php(68): CodeIgniter\Boot::runCodeIgniter()
14 FCPATH/index.php(59): CodeIgniter\Boot::bootWeb()
15 SYSTEMPATH/rewrite.php(44): require_once('/home/ranto/S4/Mr Rojo/Caisse/public/index.php')
DEBUG - 2026-06-17 08:35:50 --> Session: Class initialized using 'CodeIgniter\Session\Handlers\FileHandler' driver.
DEBUG - 2026-06-17 08:36:08 --> Session: Class initialized using 'CodeIgniter\Session\Handlers\FileHandler' driver.
DEBUG - 2026-06-17 08:36:08 --> Session: Class initialized using 'CodeIgniter\Session\Handlers\FileHandler' driver.
DEBUG - 2026-06-17 08:38:49 --> Session: Class initialized using 'CodeIgniter\Session\Handlers\FileHandler' driver.
DEBUG - 2026-06-17 08:38:49 --> Session: Class initialized using 'CodeIgniter\Session\Handlers\FileHandler' driver.
DEBUG - 2026-06-17 08:40:09 --> Session: Class initialized using 'CodeIgniter\Session\Handlers\FileHandler' driver.
CRITICAL - 2026-06-17 08:41:09 --> CodeIgniter\View\Exceptions\ViewException: Invalid file: "User/Create.php"
[Method: GET, Route: users/create]
in SYSTEMPATH/Exceptions/FrameworkException.php on line 39.
 1 SYSTEMPATH/View/View.php(228): CodeIgniter\Exceptions\FrameworkException::forInvalidFile()
 2 SYSTEMPATH/Common.php(1254): CodeIgniter\View\View->render()
 3 APPPATH/Controllers/UserController.php(16): view()
 4 SYSTEMPATH/CodeIgniter.php(974): App\Controllers\UserController->create()
 5 SYSTEMPATH/CodeIgniter.php(520): CodeIgniter\CodeIgniter->runController()
 6 SYSTEMPATH/CodeIgniter.php(363): CodeIgniter\CodeIgniter->handleRequest()
 7 SYSTEMPATH/Boot.php(417): CodeIgniter\CodeIgniter->run()
 8 SYSTEMPATH/Boot.php(68): CodeIgniter\Boot::runCodeIgniter()
 9 FCPATH/index.php(59): CodeIgniter\Boot::bootWeb()
10 SYSTEMPATH/rewrite.php(44): require_once('/home/miaro/Documents/S4/Systeme d\'information/Caisse/public/index.php')
ERROR - 2026-06-17 08:42:10 --> NOT NULL constraint failed: user.username
in SYSTEMPATH/Database/SQLite3/Connection.php on line 163.
 1 SYSTEMPATH/Database/SQLite3/Connection.php(163): SQLite3->exec()
 2 SYSTEMPATH/Database/BaseConnection.php(908): CodeIgniter\Database\SQLite3\Connection->execute()
 3 SYSTEMPATH/Database/BaseConnection.php(825): CodeIgniter\Database\BaseConnection->simpleQuery()
 4 SYSTEMPATH/Database/BaseBuilder.php(2343): CodeIgniter\Database\BaseConnection->query()
 5 SYSTEMPATH/Model.php(357): CodeIgniter\Database\BaseBuilder->insert()
 6 SYSTEMPATH/BaseModel.php(899): CodeIgniter\Model->doInsert()
 7 SYSTEMPATH/Model.php(670): CodeIgniter\BaseModel->insert()
 8 APPPATH/Controllers/UserController.php(35): CodeIgniter\Model->insert()
 9 SYSTEMPATH/CodeIgniter.php(974): App\Controllers\UserController->store()
10 SYSTEMPATH/CodeIgniter.php(520): CodeIgniter\CodeIgniter->runController()
11 SYSTEMPATH/CodeIgniter.php(363): CodeIgniter\CodeIgniter->handleRequest()
12 SYSTEMPATH/Boot.php(417): CodeIgniter\CodeIgniter->run()
13 SYSTEMPATH/Boot.php(68): CodeIgniter\Boot::runCodeIgniter()
14 FCPATH/index.php(59): CodeIgniter\Boot::bootWeb()
15 SYSTEMPATH/rewrite.php(44): require_once('/home/miaro/Documents/S4/Systeme d\'information/Caisse/public/index.php')
CRITICAL - 2026-06-17 08:42:10 --> CodeIgniter\Database\Exceptions\DatabaseException: NOT NULL constraint failed: user.username
[Method: POST, Route: users/store]
in SYSTEMPATH/Database/BaseConnection.php on line 863.
 1 SYSTEMPATH/Database/BaseBuilder.php(2343): CodeIgniter\Database\BaseConnection->query()
 2 SYSTEMPATH/Model.php(357): CodeIgniter\Database\BaseBuilder->insert()
 3 SYSTEMPATH/BaseModel.php(899): CodeIgniter\Model->doInsert()
 4 SYSTEMPATH/Model.php(670): CodeIgniter\BaseModel->insert()
 5 APPPATH/Controllers/UserController.php(35): CodeIgniter\Model->insert()
 6 SYSTEMPATH/CodeIgniter.php(974): App\Controllers\UserController->store()
 7 SYSTEMPATH/CodeIgniter.php(520): CodeIgniter\CodeIgniter->runController()
 8 SYSTEMPATH/CodeIgniter.php(363): CodeIgniter\CodeIgniter->handleRequest()
 9 SYSTEMPATH/Boot.php(417): CodeIgniter\CodeIgniter->run()
10 SYSTEMPATH/Boot.php(68): CodeIgniter\Boot::runCodeIgniter()
11 FCPATH/index.php(59): CodeIgniter\Boot::bootWeb()
12 SYSTEMPATH/rewrite.php(44): require_once('/home/miaro/Documents/S4/Systeme d\'information/Caisse/public/index.php')
CRITICAL - 2026-06-17 08:42:10 --> [Caused by] CodeIgniter\Database\Exceptions\DatabaseException: NOT NULL constraint failed: user.username
in SYSTEMPATH/Database/SQLite3/Connection.php on line 174.
 1 SYSTEMPATH/Database/BaseConnection.php(908): CodeIgniter\Database\SQLite3\Connection->execute()
 2 SYSTEMPATH/Database/BaseConnection.php(825): CodeIgniter\Database\BaseConnection->simpleQuery()
 3 SYSTEMPATH/Database/BaseBuilder.php(2343): CodeIgniter\Database\BaseConnection->query()
 4 SYSTEMPATH/Model.php(357): CodeIgniter\Database\BaseBuilder->insert()
 5 SYSTEMPATH/BaseModel.php(899): CodeIgniter\Model->doInsert()
 6 SYSTEMPATH/Model.php(670): CodeIgniter\BaseModel->insert()
 7 APPPATH/Controllers/UserController.php(35): CodeIgniter\Model->insert()
 8 SYSTEMPATH/CodeIgniter.php(974): App\Controllers\UserController->store()
 9 SYSTEMPATH/CodeIgniter.php(520): CodeIgniter\CodeIgniter->runController()
10 SYSTEMPATH/CodeIgniter.php(363): CodeIgniter\CodeIgniter->handleRequest()
11 SYSTEMPATH/Boot.php(417): CodeIgniter\CodeIgniter->run()
12 SYSTEMPATH/Boot.php(68): CodeIgniter\Boot::runCodeIgniter()
13 FCPATH/index.php(59): CodeIgniter\Boot::bootWeb()
14 SYSTEMPATH/rewrite.php(44): require_once('/home/miaro/Documents/S4/Systeme d\'information/Caisse/public/index.php')
CRITICAL - 2026-06-17 08:42:10 --> [Caused by] SQLite3Exception: NOT NULL constraint failed: user.username
in SYSTEMPATH/Database/SQLite3/Connection.php on line 163.
 1 SYSTEMPATH/Database/SQLite3/Connection.php(163): SQLite3->exec()
 2 SYSTEMPATH/Database/BaseConnection.php(908): CodeIgniter\Database\SQLite3\Connection->execute()
 3 SYSTEMPATH/Database/BaseConnection.php(825): CodeIgniter\Database\BaseConnection->simpleQuery()
 4 SYSTEMPATH/Database/BaseBuilder.php(2343): CodeIgniter\Database\BaseConnection->query()
 5 SYSTEMPATH/Model.php(357): CodeIgniter\Database\BaseBuilder->insert()
 6 SYSTEMPATH/BaseModel.php(899): CodeIgniter\Model->doInsert()
 7 SYSTEMPATH/Model.php(670): CodeIgniter\BaseModel->insert()
 8 APPPATH/Controllers/UserController.php(35): CodeIgniter\Model->insert()
 9 SYSTEMPATH/CodeIgniter.php(974): App\Controllers\UserController->store()
10 SYSTEMPATH/CodeIgniter.php(520): CodeIgniter\CodeIgniter->runController()
11 SYSTEMPATH/CodeIgniter.php(363): CodeIgniter\CodeIgniter->handleRequest()
12 SYSTEMPATH/Boot.php(417): CodeIgniter\CodeIgniter->run()
13 SYSTEMPATH/Boot.php(68): CodeIgniter\Boot::runCodeIgniter()
14 FCPATH/index.php(59): CodeIgniter\Boot::bootWeb()
15 SYSTEMPATH/rewrite.php(44): require_once('/home/miaro/Documents/S4/Systeme d\'information/Caisse/public/index.php')
DEBUG - 2026-06-17 08:43:14 --> Session: Class initialized using 'CodeIgniter\Session\Handlers\FileHandler' driver.
DEBUG - 2026-06-17 08:43:14 --> Session: Class initialized using 'CodeIgniter\Session\Handlers\FileHandler' driver.
ERROR - 2026-06-17 08:43:33 --> Unable to prepare statement: no such column: name
in SYSTEMPATH/Database/SQLite3/Connection.php on line 164.
 1 SYSTEMPATH/Database/SQLite3/Connection.php(164): SQLite3->query()
 2 SYSTEMPATH/Database/BaseConnection.php(908): CodeIgniter\Database\SQLite3\Connection->execute()
 3 SYSTEMPATH/Database/BaseConnection.php(825): CodeIgniter\Database\BaseConnection->simpleQuery()
 4 SYSTEMPATH/Database/BaseBuilder.php(1647): CodeIgniter\Database\BaseConnection->query()
 5 SYSTEMPATH/Model.php(297): CodeIgniter\Database\BaseBuilder->get()
 6 SYSTEMPATH/BaseModel.php(714): CodeIgniter\Model->doFirst()
 7 APPPATH/Controllers/UserController.php(54): CodeIgniter\BaseModel->first()
 8 SYSTEMPATH/CodeIgniter.php(974): App\Controllers\UserController->authenticate()
 9 SYSTEMPATH/CodeIgniter.php(520): CodeIgniter\CodeIgniter->runController()
10 SYSTEMPATH/CodeIgniter.php(363): CodeIgniter\CodeIgniter->handleRequest()
11 SYSTEMPATH/Boot.php(417): CodeIgniter\CodeIgniter->run()
12 SYSTEMPATH/Boot.php(68): CodeIgniter\Boot::runCodeIgniter()
13 FCPATH/index.php(59): CodeIgniter\Boot::bootWeb()
14 SYSTEMPATH/rewrite.php(44): require_once('/home/miaro/Documents/S4/Systeme d\'information/Caisse/public/index.php')
CRITICAL - 2026-06-17 08:43:33 --> CodeIgniter\Database\Exceptions\DatabaseException: Unable to prepare statement: no such column: name
[Method: POST, Route: login]
in SYSTEMPATH/Database/BaseConnection.php on line 863.
 1 SYSTEMPATH/Database/BaseBuilder.php(1647): CodeIgniter\Database\BaseConnection->query()
 2 SYSTEMPATH/Model.php(297): CodeIgniter\Database\BaseBuilder->get()
 3 SYSTEMPATH/BaseModel.php(714): CodeIgniter\Model->doFirst()
 4 APPPATH/Controllers/UserController.php(54): CodeIgniter\BaseModel->first()
 5 SYSTEMPATH/CodeIgniter.php(974): App\Controllers\UserController->authenticate()
 6 SYSTEMPATH/CodeIgniter.php(520): CodeIgniter\CodeIgniter->runController()
 7 SYSTEMPATH/CodeIgniter.php(363): CodeIgniter\CodeIgniter->handleRequest()
 8 SYSTEMPATH/Boot.php(417): CodeIgniter\CodeIgniter->run()
 9 SYSTEMPATH/Boot.php(68): CodeIgniter\Boot::runCodeIgniter()
10 FCPATH/index.php(59): CodeIgniter\Boot::bootWeb()
11 SYSTEMPATH/rewrite.php(44): require_once('/home/miaro/Documents/S4/Systeme d\'information/Caisse/public/index.php')
CRITICAL - 2026-06-17 08:43:33 --> [Caused by] CodeIgniter\Database\Exceptions\DatabaseException: Unable to prepare statement: no such column: name
in SYSTEMPATH/Database/SQLite3/Connection.php on line 174.
 1 SYSTEMPATH/Database/BaseConnection.php(908): CodeIgniter\Database\SQLite3\Connection->execute()
 2 SYSTEMPATH/Database/BaseConnection.php(825): CodeIgniter\Database\BaseConnection->simpleQuery()
 3 SYSTEMPATH/Database/BaseBuilder.php(1647): CodeIgniter\Database\BaseConnection->query()
 4 SYSTEMPATH/Model.php(297): CodeIgniter\Database\BaseBuilder->get()
 5 SYSTEMPATH/BaseModel.php(714): CodeIgniter\Model->doFirst()
 6 APPPATH/Controllers/UserController.php(54): CodeIgniter\BaseModel->first()
 7 SYSTEMPATH/CodeIgniter.php(974): App\Controllers\UserController->authenticate()
 8 SYSTEMPATH/CodeIgniter.php(520): CodeIgniter\CodeIgniter->runController()
 9 SYSTEMPATH/CodeIgniter.php(363): CodeIgniter\CodeIgniter->handleRequest()
10 SYSTEMPATH/Boot.php(417): CodeIgniter\CodeIgniter->run()
11 SYSTEMPATH/Boot.php(68): CodeIgniter\Boot::runCodeIgniter()
12 FCPATH/index.php(59): CodeIgniter\Boot::bootWeb()
13 SYSTEMPATH/rewrite.php(44): require_once('/home/miaro/Documents/S4/Systeme d\'information/Caisse/public/index.php')
CRITICAL - 2026-06-17 08:43:33 --> [Caused by] SQLite3Exception: Unable to prepare statement: no such column: name
in SYSTEMPATH/Database/SQLite3/Connection.php on line 164.
 1 SYSTEMPATH/Database/SQLite3/Connection.php(164): SQLite3->query()
 2 SYSTEMPATH/Database/BaseConnection.php(908): CodeIgniter\Database\SQLite3\Connection->execute()
 3 SYSTEMPATH/Database/BaseConnection.php(825): CodeIgniter\Database\BaseConnection->simpleQuery()
 4 SYSTEMPATH/Database/BaseBuilder.php(1647): CodeIgniter\Database\BaseConnection->query()
 5 SYSTEMPATH/Model.php(297): CodeIgniter\Database\BaseBuilder->get()
 6 SYSTEMPATH/BaseModel.php(714): CodeIgniter\Model->doFirst()
 7 APPPATH/Controllers/UserController.php(54): CodeIgniter\BaseModel->first()
 8 SYSTEMPATH/CodeIgniter.php(974): App\Controllers\UserController->authenticate()
 9 SYSTEMPATH/CodeIgniter.php(520): CodeIgniter\CodeIgniter->runController()
10 SYSTEMPATH/CodeIgniter.php(363): CodeIgniter\CodeIgniter->handleRequest()
11 SYSTEMPATH/Boot.php(417): CodeIgniter\CodeIgniter->run()
12 SYSTEMPATH/Boot.php(68): CodeIgniter\Boot::runCodeIgniter()
13 FCPATH/index.php(59): CodeIgniter\Boot::bootWeb()
14 SYSTEMPATH/rewrite.php(44): require_once('/home/miaro/Documents/S4/Systeme d\'information/Caisse/public/index.php')
DEBUG - 2026-06-17 08:47:59 --> Session: Class initialized using 'CodeIgniter\Session\Handlers\FileHandler' driver.
DEBUG - 2026-06-17 08:47:59 --> Session: Class initialized using 'CodeIgniter\Session\Handlers\FileHandler' driver.
DEBUG - 2026-06-17 08:48:10 --> Session: Class initialized using 'CodeIgniter\Session\Handlers\FileHandler' driver.
DEBUG - 2026-06-17 08:48:10 --> Session: Class initialized using 'CodeIgniter\Session\Handlers\FileHandler' driver.
DEBUG - 2026-06-17 08:48:18 --> Session: Class initialized using 'CodeIgniter\Session\Handlers\FileHandler' driver.
DEBUG - 2026-06-17 08:48:18 --> Session: Class initialized using 'CodeIgniter\Session\Handlers\FileHandler' driver.
DEBUG - 2026-06-17 08:48:21 --> Session: Class initialized using 'CodeIgniter\Session\Handlers\FileHandler' driver.
DEBUG - 2026-06-17 08:48:24 --> Session: Class initialized using 'CodeIgniter\Session\Handlers\FileHandler' driver.
DEBUG - 2026-06-17 08:48:24 --> Session: Class initialized using 'CodeIgniter\Session\Handlers\FileHandler' driver.
DEBUG - 2026-06-17 08:48:27 --> Session: Class initialized using 'CodeIgniter\Session\Handlers\FileHandler' driver.
DEBUG - 2026-06-17 08:59:07 --> Session: Class initialized using 'CodeIgniter\Session\Handlers\FileHandler' driver.
DEBUG - 2026-06-17 08:59:11 --> Session: Class initialized using 'CodeIgniter\Session\Handlers\FileHandler' driver.
DEBUG - 2026-06-17 08:59:15 --> Session: Class initialized using 'CodeIgniter\Session\Handlers\FileHandler' driver.
DEBUG - 2026-06-17 08:59:19 --> Session: Class initialized using 'CodeIgniter\Session\Handlers\FileHandler' driver.
DEBUG - 2026-06-17 08:59:19 --> Session: Class initialized using 'CodeIgniter\Session\Handlers\FileHandler' driver.
DEBUG - 2026-06-17 08:59:23 --> Session: Class initialized using 'CodeIgniter\Session\Handlers\FileHandler' driver.
DEBUG - 2026-06-17 08:59:27 --> Session: Class initialized using 'CodeIgniter\Session\Handlers\FileHandler' driver.
DEBUG - 2026-06-17 08:59:27 --> Session: Class initialized using 'CodeIgniter\Session\Handlers\FileHandler' driver.
DEBUG - 2026-06-17 08:59:37 --> Session: Class initialized using 'CodeIgniter\Session\Handlers\FileHandler' driver.
DEBUG - 2026-06-17 09:05:56 --> Session: Class initialized using 'CodeIgniter\Session\Handlers\FileHandler' driver.
